题号,题干,A,B,C,D,E,答案,难度,题型,类别,备注
1,（	）是解决党内矛盾的有力武器，也是清除党内各种政治灰尘和政治微生物的有力武器。,批评和自我批评,巡视巡察,依法监督,开展集中性学习教育,,A,无,单选题,政治理论,
2,习近平总书记指出，要发扬（	）的精神，真正做到一张好的蓝图一干到底，切实干出成效来。,钉钉子,一不怕苦、二不怕死,全心全意为人民服务,求真务实,,A,无,单选题,政治理论,
3,增强党的自我净化能力，根本靠强化党的自我监督和群众监督，强化自上而下的      ）监督，改进自下而上的（ ）监督，发挥同级互相监督作用，加强对党员领导干部的日常管理监督。,组织、民主,领导、群众,组织、群众,领导、民主,,A,无,单选题,政治理论,
4,经过新时代全面从严治党的革命性锻造，反腐败斗争取得压倒性胜利并全面巩固，（	）的震慑充分彰显，（	）的笼子越扎越牢，（	）的自觉显著增强。,不敢腐  不能腐  不想腐,不能腐  不敢腐  不想腐,不想腐  不敢腐  不能腐,不敢腐  不想腐  不能腐,,A,无,单选题,政治理论,
5,一切为了群众，一切依靠群众，从群众中来，到群众中去，把党的正确主张变为群众的自觉行动，这是党的（	）。,思想路线,群众路线,组织路线,工作路线,,B,无,单选题,政治理论,
6,党员民主监督是党内监督的（       ）。,基本方式,根本手段,主要路径,重要方法,,A,无,单选题,政治理论,
7,党内所有的政治问题，归根结底就是对党（ ）。,是否信任,是否忠诚,是否拥护,是否坦诚,,B,无,单选题,政治理论,
8,（     ）对坚持党的领导、加强党的建设、做好党的组织工作具有十分重要的意义。,政治路线,思想路线,组织路线,群众路线,,C,无,单选题,政治理论,
9,（       ）是最大的腐败，必须消除党内政治隐患。,政治腐败,司法腐败,经济腐败,社会腐败,,A,无,单选题,政治理论,
10,（    ）是中国共产党的根本政治立场，是马克思主义政党区别于其他政党的显著标志。,人民立场,国家立场,平等立场,社会立场,,A,无,单选题,政治理论,
11,坚持把（      ）放在首位，做深做实干部政治素质考察，突出把好政治关、廉洁关。,德才兼备,工作能力,政治标准,斗争建设,,C,无,单选题,政治理论,
12,必须坚持党政民学、东西南北中，（	）是领导一切的。,政协,人大,党,政府,,C,无,单选题,政治理论,
13,坚决维护（	       ）、保证全党令行禁止，是党和国家前途命运所系，是全国各族人民根本利益所在。,党的路线,党纪党规,党员利益,党中央权威,,D,无,单选题,政治理论,
14,马克思主义政党的先进性，首先体现为（       ）上的先进性。,制度体系,思想理论,政党文化,组织建设,,B,无,单选题,政治理论,
15,（        ）是我们党的传家宝，是做好各项工作的基本功。,分析研判,科学决策,改革创新,调查研究,,D,无,单选题,政治理论,
16,把抓好（        ）作为最大的政绩。,廉洁,学习,党建,家风,,C,无,单选题,政治理论,
17,党的（	  ）是党的根本性建设，决定党的建设方向和效果。,思想建设,政治建设,组织建设,制度建设,,B,无,单选题,政治理论,
18,《中共中央关于进一步全面深化改革 推进中国式现代化的决定》提出，强化人才激励机制，坚持向（       ）授权、为人才松绑。,主管单位,领导机构,地方政府,用人主体,,D,无,单选题,政治理论,
19,深化文化体制机制改革的中心环节是（      	）。,深化文化领域行政审批备案制度改革,推动政府部门由办文化向管文化转变,激发创新创造活力,优化文化服务和文化产品供给机制,,C,无,单选题,政治理论,
20,在文化体制机制改革的过程中，要始终把（       ）放在首位。,经济效益,社会效益,产业属性,市场的决定性作用,,B,无,单选题,政治理论,
21,提高国家文化软实力要“形于中”而“发于外”。更好地“发于外”，就必须切实加强国际传播能力建设，把我们的（      ）转化为国际传播优势，更加有效发出中国声音。①制度优势   ②组织优势    ③人力优势,①②,②③,①③,①②③,,D,无,单选题,政治理论,
22,现在，我们      的问题已经得到基本解决，但       的问题还没有得到根本解决，中国在世界上的形象很大程度上仍是        。（  ）,“挨打”、“挨饿”，“挨骂”，“他塑”而非“自塑”,“挨打”、“挨骂”，“挨饿”，“他塑”而非“自塑”,“挨饿”、“挨骂”，“挨打”，“自塑”而非“他塑”,“挨打”、“挨饿”，“挨骂”，“自塑”而非“他塑”,,A,无,单选题,政治理论,
23,习近平总书记指出：“一部好的作品，应该是经得起      的作品，应该是把     放在首位，同时也应该是社会效益和经济效益相统一的作品。”（     ）,人民评价、市场检验，社会效益,人民评价、市场检验，经济效益,人民评价、专家评价、市场检验，社会效益,人民评价、专家评价、市场检验，经济效益,,C,无,单选题,政治理论,
24,社会主义文艺，从本质上讲，就是（      ）的文艺。,精英,人民,市场,作家,,B,无,单选题,政治理论,
25,人权是（	      ），评价一个国家是否有人权，不能以别的国家的标准来衡量。,①②,①③,②③,①②③,,D,无,单选题,政治理论,
26,党的二十届三中全会于（	     ）在北京召开。,2024 年 7 月 15 日至 18 日,2024 年 8 月 15 日至 18 日,2024 年 9 月 15 日至 18 日,2024 年 10 月 15 日至 18 日,,A,无,单选题,政治理论,
27,党的二十届三中全会审议通过了（	）。,《中共中央关于坚持和完善中国特色社会主义制度、推进国家治理体系和治理能力现代化若干重大问题的决定》,《中共中央关于深化党和国家机构改革的决定》,《中共中央关于进一步全面深化改革、推进中国式现代化的决定》,《中共中央关于制定国民经济和社会发展第十四个五年规划和二〇三五年远景目标的建议》,,C,无,单选题,政治理论,
28,党的二十届三中全会高度评价新时代以来全面深化改革的成功实践和伟大成就，认为当前和今后一个时期是（    	）。,全面建设社会主义现代化国家的关键时期,以中国式现代化全面推进强国建设、民族复兴伟业的关键时期,全面深化改革的决胜时期,高质量发展的攻坚时期,,B,无,单选题,政治理论,
29,党的二十届三中全会指出，进一步全面深化改革的总目标是（	）。,健全提高党的执政能力和领导水平制度，完善全面从严治党制度,坚持和完善人民当家作主制度体系，发展社会主义民主政治,继续完善和发展中国特色社会主义制度，推进国家治理体系和治理能力现代化,建设中国特色社会主义法治体系,,C,无,单选题,政治理论,
30,党的二十届三中全会提出的“七个聚焦”中不包括（	）。,聚焦构建高水平社会主义市场经济体制,聚焦建设体育强国,聚焦建设更高水平平安中国,聚焦发展全过程人民民主,,B,无,单选题,政治理论,
31,党的二十届三中全会提出，（	）是中国式现代化的重要保障。,高水平社会主义市场经济体制,全过程人民民主,社会主义文化强国,提高党的领导水平,,A,无,单选题,政治理论,
32,党的二十届三中全会提出，高质量发展是全面建设社会主义现代化国家的（      ）。,核心要求,根本条件,基础支撑,首要任务,,D,无,单选题,政治理论,
33,党的二十届三中全会强调，（      ）是中国式现代化的根本保证。,党的领导,依法治国,改革开放,科技创新,,A,无,单选题,政治理论,
34,党的二十届三中全会提出，必须以（    ）引领改革，立足新发展阶段，深化供给侧结构性改革，完善推动高质量发展激励约束机制，塑造发展新动能新优势。,新发展思想,新发展方位,新发展理念,新发展动能,,C,无,单选题,政治理论,
35,党的二十届三中全会对于生态环境保护提出总体要求是（	）。,优先发展经济，适度关注环保,以经济发展为中心，兼顾环境保护,加快形成绿色发展方式和生活方式，推进生态文明建设,生态环境问题可以留给后代解决,,C,无,单选题,政治理论,
36,我们党要始终做到不忘初心、牢记使命，把党和人民事业长长久久推进下去，必须增强政治意识，不断提高（	）。,政治判断力,政治决策力,政治领悟力,政治执行力,,ACD,无,多选题,政治理论,
37,落实新时代党的建设总要求，健全全面从严治党体系，全面推进党的（      ），使我们党始终坚守初心使命，始终成为中国特色社会主义事业的坚强领导核心。,自我净化,自我完善,自我革新,自我提高,,ABCD,无,多选题,政治理论,
38,实现“两个一百年”奋斗目标、实现中华民族伟大复兴的中国梦，必须把党建设好、建设强，克服（       ）。,精神懈怠危险,能力不足危险,脱离群众危险,消极腐败危险,,ABCD,无,多选题,政治理论,
39,（      ）是马克思主义活的灵魂，是我们适应新形势、认识新事物、完成新任务的根本思想武器。,解放思想,实事求是,与时俱进,开拓进取,,ABC,无,多选题,政治理论,
40,自我监督是（	），是国家治理的（   	）。,一般性难题,无法解决的难题,世界性难题,哥德巴赫猜想,,CD,无,多选题,政治理论,
41,中国共产党是最高的政治领导力量，党的领导是（      ）。,全面的,系统的,整体的,结构的,,ABC,无,多选题,政治理论,
42,党的十八大以来，我们以刀刃向内的自我革命精神，直面党内存在的突出问题，以理论武装凝心聚魂，以整饬作风激浊扬清，以严明纪律强化约束，以从严治理匡正用人导向，以（        ）惩治腐败。,“打虎”,“捕狼”,“拍蝇”,“猎狐”,,ACD,无,多选题,政治理论,
43,调查研究是（	）。,谋事之基,做事之本,成事之道,干事之源,,AC,无,多选题,政治理论,
44,全党同志都要（	   ），清清白白做人、干干净净做事，做到克己奉公、以俭修身，永葆清正廉洁的政治本色。,明大德,守公德,严私德,懂小节,,ABC,无,多选题,政治理论,
45,优良作风是我们党历来坚持的（    	）以及艰苦奋斗、求真务实的作风。,理论联系实际,密切联系群众,批评和自我批评,实事求是,,ABC,无,多选题,政治理论,
46,加强政治能力训练和政治实践历练，把（	    ）作为根本政治担当，永葆共产党人政治本色。,对党忠诚,为党分忧,为党尽职,为民造福,,ABCD,无,多选题,政治理论,
47,要增强（      ），学懂弄通做实新时代中国特色社会主义思想，坚持好、运用好贯穿其中的立场观点方法，把这一思想贯彻落实到党和国家工作各方面全过程。,政治自觉,理论自觉,思想自觉,行动自觉,,ACD,无,多选题,政治理论,
48,全面从严治党，“严”就是（    ）。,真管真严,敢管敢严,长管长严,独断专行,,ABC,无,多选题,政治理论,
49,打铁必须自身硬。办好中国的事情，关键在党，关键在（ ）。,坚持党的领导,加强党的建设,坚持党要管党,全面从严治党,,CD,无,多选题,政治理论,
50,坚持（	  ），把新时代中国特色社会主义思想转化为坚定理想、锤炼党性和指导实践、推动工作的强大力量。,学思用贯通,知信行统一,严明政治纪律,做到担当实干,,AB,无,多选题,政治理论,
51,习近平总书记指出，党中央对加强和改进新形势下党的群团工作已经作出全面部署，要深入抓好落实，最重要的是要保持和增强（       ）。,原则性,政治性,先进性,群众性,,BCD,无,多选题,政治理论,
52,要提高廉洁自律意识，在（    ）中保持廉洁，在守纪律、讲规矩、重名节中做到自律。,依法用权,正确用权,干净用权,依规用权,,ABC,无,多选题,政治理论,
53,新时代以来，我们党不断深化对自我革命规律的认识，不断推进党的（    	），初步构建起全面从严治党体系。,理论创新,实践创新,制度创新     、,方法创新,,ABC,无,多选题,政治理论,
54,从党的历史看，建立中国共产党、成立中华人民共和国、实行改革开放、推进新时代中国特色社会主义事业，都是在斗争中诞生、在斗争中发展、在斗争中壮大的。所以，,敢于斗争,敢于直面问题,敢于胜利,敢于不懈奋斗,,AC,无,多选题,政治理论,
55,党的二十届三中全会提出，要健全因地制宜发展新质生产力体制机制，健全促进     和 	深度融合制度，完善发展服务业体制机制，健全现代化基础设施建设体制机制，健全提升产业链供应链韧性和安全水平制度。（	）,公有制经济,非公有制经济,实体经济,数字经济,,CD,无,多选题,政治理论,
56,党的二十届三中全会提出，必须统筹	   、	     	和	   ，全面提高城乡规划、建设、治理融合水平，促进城乡要素平等交换、双向流动，缩小城乡差别，促进城乡共同繁荣发展。（ ）,新型工业化,新型信息化,新型城镇化,乡村全面振兴,,ACD,无,多选题,政治理论,
57,党的二十届三中全会提出，必须坚定不移走中国特色社会主义政治发展道路，坚持和完善我国（     ），丰富各层级民主形式，把人民当家作主具体、现实体现到国家政治生活和社会生活各方面。,根本政治制度,基本政治制度,重要政治制度,主要政治制度,,ABC,无,多选题,政治理论,
58,党的二十届三中全会提出，必须坚持尽力而为、量力而行，完善基本公共服务制度体系，加强（     ）民生建设，解决好人民最关心最直接最现实的利益问题，不断满足人民对美好生活的向往。,普惠性,基础性,保障性,兜底性,,ABD,无,多选题,政治理论,
59,《中共中央关于进一步全面深化改革 推进中国式现代化的决定》提出，坚持系统观念，处理好经济和社会、政府和市场、效率和公平、活力和秩序、发展和安全等重大关系，增强改革（       ）。,主动性,系统性,整体性,协同性,,BCD,无,多选题,政治理论,
60,《中共中央关于进一步全面深化改革 推进中国式现代化的决定》提出，实施更加    、更加      、更加    的人才政策，完善人才自主培养机制，加快建设国家高水平人才高地和吸引集聚人才平台。（ ）,积极,科学,开放,有效,,ACD,无,多选题,政治理论,
61,《中共中央关于进一步全面深化改革 推进中国式现代化的决定》提出，深入推进依法行政，推进政府机构、职能、权限、程序、责任法定化，促进政务服务（      ），完善覆盖全国的一体化在线政务服务平台。,标准化,规范化,便利化,智慧化,,ABC,无,多选题,政治理论,
62,《中共中央关于进一步全面深化改革 推进中国式现代化的决定》提出，推动理想信念教育常态化制度化，完善培育和践行社会主义核心价值观制度机制。改进创新文明    、文明     、文明    工作机制。（     ）,建设,培育,实践,创建,,BCD,无,多选题,政治理论,
63,《中共中央关于进一步全面深化改革 推进中国式现代化的决定》提出，深入推进党风廉政建设和反腐败斗争，健全政治监督（      ）机制。,系统化,精准化,常态化,具体化,,BCD,无,多选题,政治理论,
64,党的二十届三中全会提出，教育、科技、人才是中国式现代化的基础性、战略性支撑。必须深入实施（	），统筹推进教育科技人才体制机制一体改革，健全新型举国体制，提升国家创新体系整体效能。,科教兴国战略,人才强国战略,创新驱动发展战略,科技创新战略,,ABC,无,多选题,政治理论,
65,《中共中央关于进一步全面深化改革 推进中国式现代化的决定》提出，分类推进高校改革，建立科技发展、国家战略需求牵引的学科设置调整机制和人才培养模式，超常布局急需学科专业，加强（      ）建设和拔尖人才培养，着力加强创新能力培养。,基础学科,新兴学科,优秀学科,交叉学科,,ABD,无,多选题,政治理论,
66,《中共中央关于进一步全面深化改革 推进中国式现代化的决定》提出，加快建设高质量教育体系，统筹推进（	）改革。,育人方式,办学模式,管理体制,保障机制,,ABCD,无,多选题,政治理论,
67,《中共中央关于进一步全面深化改革 推进中国式现代化的决定》提出，建立以（     ）为导向的人才评价体系。,创新能力,质量,实效,贡献,,ABCD,无,多选题,政治理论,
68,关于如何做好国际传播工作，以下选项正确的是（	）。,做好国际传播，最终要靠策划说话,不能自说自话、自娱自乐,采用贴近不同区域、不同国家、不同群体受众的精准传播方式,增强国际传播的亲和力和实效性,,BCD,无,多选题,政治理论,
69,我们要从巩固党的执政地位、提升党的执政能力、确保国家长治久安的战略高度，加强国家文化软实力建设，不断提高（  	），不断提高塑造国家形象、影响国际舆论场、掌握国际话语权的能力和水平。,国际传播影响力,中华文化感召力,中国形象亲和力,中国话语说服力,国际舆论引导力,ABCDE,无,多选题,政治理论,
70,有关国际舆论斗争，以下选项正确的是（	）。,国际舆论交锋斗争更加尖锐复杂,要主动设置议题,坚持有理有利有节,建立国际舆论统一战线,,ABCD,无,多选题,政治理论,
71,理想信念是共产党人精神上的“钙”。,,,,,,对,无,判断题,政治理论,
72,宪法就是党的根本大法，是全党必须遵循的总规矩。,,,,,,错,无,判断题,政治理论,
73,人心是最大的政治，共识是奋进的动力。,,,,,,对,无,判断题,政治理论,
74,基层是党的执政之基、力量之源。,,,,,,对,无,判断题,政治理论,
75,“让人民来监督政府”是党给出的跳出历史周期律的第二个答案。,,,,,,错,无,判断题,政治理论,
76,遵守党的纪律是无条件的，要说到做到，有纪必执，有违必查。,,,,,,对,无,判断题,政治理论,
77,全面建设社会主义现代化国家、全面推进中华民族伟大复兴，关键在党。,,,,,,对,无,判断题,政治理论,
78,坚持原则、敢于担当是好干部第一位的标准，是不是好干部首先看这一条。,,,,,,错,无,判断题,政治理论,
79,党中央提倡的坚决响应，党中央决定的坚决照办，党中央禁止的坚决杜绝。,,,,,,对,无,判断题,政治理论,
80,加强党的建设，首要任务是加强思想政治建设，关键是教育管理好党员、干部。,,,,,,对,无,判断题,政治理论,
81,中国最大的国情就是中国共产党的领导。,,,,,,对,无,判断题,政治理论,
82,没有调查就没有发言权，没有调查就没有决策权。,,,,,,对,无,判断题,政治理论,
83,用党的创新理论武装全党是党的政治建设的根本任务。,,,,,,错,无,判断题,政治理论,
84,我们党的最大政治优势是密切联系群众。,,,,,,对,无,判断题,政治理论,
85,腐败是危害党的生命力和战斗力的最大毒瘤，反腐败是最彻底的自我革命。,,,,,,对,无,判断题,政治理论,
86,我们党始终坚守为中国人民谋幸福、为中华民族谋复兴的初心和使命。,,,,,,对,无,判断题,政治理论,
87,坚持抓住“大多数”以上率下，压紧压实全面从严治党政治责任。,,,,,,错,无,判断题,政治理论,
88,守初心，就是要牢记全心全意为人民服务的根本宗旨，牢记人民对美好生活的向往就是我们的奋斗目标。,,,,,,对,无,判断题,政治理论,
89,新时代中国特色社会主义思想实现了马克思主义中国化时代化新的飞跃。,,,,,,对,无,判断题,政治理论,
90,“四个意识”是党的最高政治原则和根本政治规矩。,,,,,,错,无,判断题,政治理论,
91,党的二十届三中全会强调，中国式现代化是在改革开放中不断推进的，也必将在改革开放中开辟广阔前景。,,,,,,对,无,判断题,政治理论,
92,到 2035 年，全面建成高水平社会主义市场经济体制，中国特色社会主义制度更加完善，基本实现国家治理体系和治理能力现代化，基本实现社会主义现代化。,,,,,,对,无,判断题,政治理论,
93,进一步全面深化改革要总结和运用改革开放以来特别是新时代全面深化改革的宝贵经验。,,,,,,对,无,判断题,政治理论,
94,党的二十届三中全会提出要推动国有资本和非公有制企业做强做优做大。,,,,,,错,无,判断题,政治理论,
95,党的二十届三中全会提出要制定产权保护法，加强产权执法司法保护，防止和纠正利用行政、刑事手段干预经济纠纷。,,,,,,对,无,判断题,政治理论,
96,党的二十届三中全会提出要健全监察机关、公安机关、检察机关、审判机关、司法行政机关各司其职，监察权、侦查权、检察权、审判权、执行权相互配合、相互制约的体制机制。,,,,,,对,无,判断题,政治理论,
97,党的二十届三中全会指出我国要主动对接国际高标准经贸规则，要在产权保护、产业补贴、环境标准、劳动保护、政府采购、电子商务、金融领域等实现规则、规制、管理、标准相通相容。,,,,,,对,无,判断题,政治理论,
98,党的二十届三中全会要求建立一体推进涉外立法、执法、司法、守法和法律服务、法治人才培养的工作机制。,,,,,,对,无,判断题,政治理论,
99,党的二十届三中全会提出要扩大财政科研项目经费包干制范围，赋予科学家更大技术路线决定权、更大经费支配权、更大资源调度权。,,,,,,对,无,判断题,政治理论,
100,完善市场经济基础制度，要深化注册资本认缴登记制度改革，实行依法按期认缴。,,,,,,对,无,判断题,政治理论,
101,中国共产党第一次全国代表大会先后在（	）召开。,上海、嘉兴,上海、天津,北京、上海,北京、广州,,A,无,单选题,政治理论,
102,1930 年10 月，江西省苏维埃政府成立，主席（      ）。,毛泽东,任弼时,张闻天,曾山,,D,无,单选题,政治理论,
103,2024 年是江西地方党组织创建（     	）周年。,100,103,75,102,,A,无,单选题,政治理论,
104,（	    ）中国人民解放军第一次实行军衔制。,1954 年,1955 年,1956 年,1957 年,,B,无,单选题,政治理论,
105,1958 年 8 月 19 日，江西省第一个农村人民公社（	）在修水成立。,太阳升,红太阳,东方红,高级社,,A,无,单选题,政治理论,
106,新中国成立后，第一任江西省委书记（ ）。,曾山,陈正人,杨尚奎,刘俊秀,,B,无,单选题,政治理论,
107,新中国第一架自己制造的飞机——初教-5，它在（	）诞生。,北京,南京,南昌,广州,,C,无,单选题,政治理论,
108,（     ）十分关心江西共产主义劳动大学，特地给井冈山共产主义劳动大学分校校刊题写了“井冈熔炉”的刊头。,毛泽东,周恩来,邓小平,朱德,,D,无,单选题,政治理论,
109,2003 年 8 月底 9 月初，胡锦涛在江西考察时明确使用（	）概念。,可持续发展,科学发展观,全面的发展观,五个统筹,,B,无,单选题,政治理论,
110,十二届全国人大常委会第十一次会议通过《关于设立国家宪法日的决定》，将（ ）设立为国家宪法日。,11 月 4 日,12 月 4 日,11 月 5 日,12 月 5 日,,B,无,单选题,政治理论,
111,第一次明确提出彻底的反帝反封建民主革命纲领的会议是（         ）。,中共一大,中共二大,中共三大,中共四大,,B,无,单选题,政治理论,
112,1927 年 9 月，毛泽东进行了著名的（	），提出 “支部建在连上”的重要思想。,井冈山会师,工农武装割据,三湾改编,中共六大,,C,无,单选题,政治理论,
113,党的七届二中全会于 1949 年 3 月召开，毛泽东在会上向全党同志提出了著名的“两个务必”要求，这次会议是在（        ）召开的。,阜平,延安,北京,西柏坡,,D,无,单选题,政治理论,
114,1944 年 5 月 21 日至 1945 年 4 月 20 日，中共中央在延安举行扩大的六届七中全会，通过了（	    ）。,《关于若干历史问题的决议》,《论联合政府》,《论持久战》,《论人民民主专政》,,A,无,单选题,政治理论,
115,我国社会主义制度的基本确立是（	）。,1949 年,1956 年,1978 年,2002 年,,B,无,单选题,政治理论,
116,党的十一届六中全会通过的（	），标志着党胜利地完成了指导思想上的拨乱反正。,,《关于建国以来党的若干历史问题的决议》,《关于党内政治生活的若干准则》,《中共中央关于整党的决定》,,B,无,单选题,政治理论,
117,十届全国人大常委会第十九次会议决定废止《中华人民共和国农业税条例》，这次会议决定《中华人民共和国农业税条例》自（ ）起废止。,2005 年 1 月 1 日,2006 年 12 月 31 日,2006 年 1 月 1 日,2005 年 12 月 31 日,,C,无,单选题,政治理论,
118,党的（	）审议通过了《中共中央关于制定国民经济和社会发展第十四个五年规划和二〇三五年远景目标的建议》，对今后一个时期国民经济和社会发展作出战略部署。,十九大,十九届三中全会,十九届五中全会,十九届六中全会,,C,无,单选题,政治理论,
119,党的十一届三中全会是划时代的，开启了改革开放和社会主义现代化建设新时期。党的（ ）也是划时代的，开创了我国改革开放新局面。,十八届三中全会,十八届六中全会,十九届三中全会,十九届五中全会,,A,无,单选题,政治理论,
120,武装反抗国民党反动派的第一枪是（	）。,秋收起义,广州起义,南昌起义,百色起义,,C,无,单选题,政治理论,
121,1935 年 12 月，中共中央在（  	）上确定了抗日民族统一战线的策略方针。,八七会议,洛川会议,瓦窑堡会议,十二月会议,,C,无,单选题,政治理论,
122,土地革命时期，以毛泽东为代表的中国共产党人创建了井冈山革命根据地，点燃了中国革命的星星之火，开辟了农村包围城市的中国革命道路，培育了（    ）。,井冈山精神,苏区精神,长征精神,红船精神,,A,无,单选题,政治理论,
123,周恩来在（       ）后满含悲愤亲笔写下“为江南死国难者志哀”和“千古奇冤，江南一叶，同室操戈，相煎何急？！”。,七七事变,八一三事变,皖南事变,西安事变,,C,无,单选题,政治理论,
124,为了实现祖国统一，邓小平创造性地提出“一国两制”的伟大构想。“一国两制”最早是针对（   ）问题提出的。,香港,澳门,台湾,港澳,,C,无,单选题,政治理论,
125,1978 年 5 月 11 日，（     ）公开发表《实践是检验真理的唯一标准》。,《经济日报》,《光明日报》,《人民日报》,《解放日报》,,B,无,单选题,政治理论,
126,（      ）确定了“三步走”发展战略。,党的十二大,党的十三大,党的十四大,党的十五大,,B,无,单选题,政治理论,
127,1995 年 5 月，党中央、国务院进一步作出《关于加速科学技术进步的决定》，正式提出（	）。,可持续发展战略,人才强国战略,推进城镇化战略,科教兴国战略,,D,无,单选题,政治理论,
128,2014 年 11 月，习近平总书记在中央外事工作会议上明确提出了推进（ ）的战略思想。,和平发展大国外交,中国特色大国外交,走出去大国外交,新时代大国外交,,B,无,单选题,政治理论,
129,（ ）在中国共产党第十二次全国代表大会开幕词中第一次明确提出了建设有中国特色社会主义这一科学命题。,江泽民,叶剑英,胡耀邦,邓小平,,D,无,单选题,政治理论,
130,1981 年9 月，我国首次用一枚运载火箭发射（	）颗卫星进行空间物理探测获得成功。,1,2,3,4,,C,无,单选题,政治理论,
131,被誉为“江西第一路”的高速公路是（	）。,昌九高速,昌樟高速,梨温高速,德上高速,,A,无,单选题,政治理论,
132,中国共产党第二十次全国代表大会，是在全党全国各族人民迈上（ ）、向第二个百年奋斗目标进军的关键时刻召开的一次十分重要的大会。,全面建设社会主义现代化国家新征程,建设社会主义现代化国家新征程,全面建成小康社会,建设中国特色社会主义现代化国家新征程,,A,无,单选题,政治理论,
133,我国第一颗氢弹爆炸成功的时间是（	）。,1967 年 10 月,1967 年 6 月,1963 年 10 月,1964 年 10 月,,B,无,单选题,政治理论,
134,（   	）是中国革命史上具有重大意义的事件，标志着中国新民主主义革命的开端。,辛亥革命,护国运动,五四运动,二次革命,,C,无,单选题,政治理论,
135,（ ）诞生了中国共产党历史上第一部党章。,中共一大,中共二大,中共三大,中共四大,,B,无,单选题,政治理论,
136,（ ），选举产生了党的历史上第一个中央纪律检查监督机构－－中央监察委员会。,中国共产党第二次全国代表大会,中国共产党第三次全国代表大会,中国共产党第四次全国代表大会,中国共产党第五次全国代表大会,,D,无,单选题,政治理论,
137,（     ）标志着中国共产党独立领导革命战争、创建人民军队和武装夺取政权的开端，开启了中国革命新纪元。,八七会议,南昌起义,秋收起义,广州起义,,B,无,单选题,政治理论,
138,（    ）是第一个把《共产党宣言》翻译成中文的人。,梁启超,李大钊,陈独秀,陈望道,,D,无,单选题,政治理论,
139,（    ）是在中国举起十月革命旗帜的第一人，又是中国最早的马克思主义传播者。,李大钊,陈独秀,陈望道,蔡和森,,A,无,单选题,政治理论,
140,（    ）在中国共产党第十二次全国代表大会开幕词中第一次明确提出了建设有中国特色的社会主义这一科学命题。,江泽民,叶剑英,胡耀邦,邓小平,,D,无,单选题,政治理论,
141,（   ）最重要的贡献是第一次提出无产阶级在民主革命中的领导权和工农联盟问题。,中共二大,中共三大,中共四大,中共五大,,C,无,单选题,政治理论,
142,（     ）年，我国成功地爆炸第一颗原子弹，有力地打破了超级大国的核垄断和核讹诈。,1960,1964,1971,1973,,B,无,单选题,政治理论,
143,“计划经济不等于社会主义，资本主义也有计划；市场经济不等于资本主义，社会主义也有市场”，邓小平这一论断的内涵是（	  ）,计划经济和市场经济都是资源配置的方式,计划经济和市场经济都属于社会基本制度的范畴,计划经济和市场经济是不能兼容的,市场经济比计划经济有优势,,A,无,单选题,政治理论,
144,1920 年 10 月，（	）等在北京成立共产党早期组织，当时取名为“共产党小组”。,李达,李汉俊,李大钊,陈独秀,,C,无,单选题,政治理论,
145,1926 年 9 月，毛泽东发表（	）一文，指出： “农民问题乃国民革命的中心问题”。,《中国社会各阶级分析》,《湖南农民运动考察报告》,《国民革命与农民运动》,《中国革命与中国共产党》,,C,无,单选题,政治理论,
146,南昌起义前敌委员会的书记是（	）。,毛泽东,周恩来,朱德,贺龙,,B,无,单选题,政治理论,
147,"1927 年 9 月,毛泽东进行了著名的（	），提出 “支部建在连上”的重要思想。",井冈山会师,工农武装割据,三湾改编,中共六大,,C,无,单选题,政治理论,
148,1934 年 10 月，中央红军主力在（    ）集结，开始长征。,江西瑞金,江西于都,江西吉安,福建三明,,B,无,单选题,政治理论,
149,1945 年，党的（    	）确立了毛泽东思想为全党的指导思想。,六大,六届六中全会,七大,八大,,C,无,单选题,政治理论,
150,1946 年 5 月 4 日，中共中央决定将党在抗日战争时期实行的减租减息政策改变为实现“耕者有其田”的政策，发出的文件是（	）。,《中国土地法大纲》,《五四指示》,《井冈山土地法》,《兴国土地法》,,B,无,单选题,政治理论,
151,1948 年 8 月 7 日至 19 日，在中国民主历程中具有重要意义的华北临时人民代表大会在石家庄人民礼堂隆重召开。9 月 20 日至 24 日，华北人民政府委员会在石家庄召开全体会议，（     ）当选政府主席。,董必武,习仲勋,薄一波,宋庆龄,,A,无,单选题,政治理论,
152,1949 年 3 月，中共中央在（  ）召开七届二中全会。毛泽东在会上向全党同志提出了著名的“两个务必”思想。,井冈山,延安,北京,西柏坡,,D,无,单选题,政治理论,
153,1949 年 6 月 6 日，中共江西省委正式成立，隶属中共中央（ ）。,华中局,华东局,东北局,西北局,,A,无,单选题,政治理论,
154,1950 年 6 月朝鲜战争爆发，10 月 19 日以（	  ）为司令员兼政治委员的中国人民志愿军奉命开赴朝鲜战场。,朱德,彭德怀,贺龙,刘伯承,,B,无,单选题,政治理论,
155,1971 年 10 月 25 日，第（	）届联合国大会通过决议，恢复中华人民共和国在联合国的一切合法权益。,25,26,27,28,,B,无,单选题,政治理论,
156,标志着中国工人阶级开始以独立的政治力量登上历史舞台的事件是（	）。,中国共产党的成立,五四运动,二七大罢工,一二·九运动,,B,无,单选题,政治理论,
157,大革命失败后，中国共产党创建的第一个农村革命根据地是（	）。,井冈山革命根据地,鄂豫皖革命根据地,闽北革命根据地,湘鄂西革命根据地,,A,无,单选题,政治理论,
158,第一次提出“建设有中国特色的社会主义理论”概念是党的（    ）。,十二大,十三大,十四大,十五大,,B,无,单选题,政治理论,
159,国民党发动全面内战是从 1946 年进攻（	）解放区开始的。,冀鲁豫,陕甘宁,山东,中原,,D,无,单选题,政治理论,
160,红军长征途中召开的（    ），开始确立了毛泽东在党中央和红军的领导地位，挽救了党、挽救了红军、挽救了中国革命，成为党的历史上一个生死攸关的转折点。,古田会议,遵义会议,黎平会议,两河口会议,,B,无,单选题,政治理论,
161,井冈山革命烈士陵园于 1987 年始建，同年 10 月建成并开放参观游览。1997 年 10 月，由（ ）题字的“井冈山革命烈士纪念碑”落成剪彩。,邓小平,江泽民,李岚清,胡锦涛,,A,无,单选题,政治理论,
162,抗日战争时期，被中共中央誉为“敌后模范的抗日根据地及统一战线的模范区”的是（ ）。,晋察冀抗日根据地,晋西南抗日根据地,晋冀豫抗日根据地,山东抗日根据地,,A,无,单选题,政治理论,
163,毛泽东在（	）一文中提出了“没有调查，没有发言权”的著名论断。,《反对本本主义》,《实践论》,《矛盾论》,《论十大关系》,,A,无,单选题,政治理论,
164,明确规定以支部作为党的基本组织是（ ）作出的决定。,党的一大,党的二大,党的三大,党的四大,,D,无,单选题,政治理论,
165,区别新旧民主主义革命的根本标志是（	）。,中华人民共和国的成立,1911 年辛亥革命的胜利,无产阶级领导权问题,社会主义基本制度的确立,,C,无,单选题,政治理论,
166,上海的中国共产党早期组织创办的供工人阅读的刊物是（	）。,《劳动音》,《劳动界》,《工人月刊》,《劳动月刊》,,B,无,单选题,政治理论,
167,土地革命时期，以毛泽东为代表的中国共产党人创建了井冈山革命根据地，点燃了中国革命的星星之火，开辟了农村包围城市的中国革命道路，培育了伟大的（ ）。,井冈山精神,苏区精神,长征精神,红船精神,,A,无,单选题,政治理论,
168,土地革命战争时期，全国最大的革命根据地是（	）。,湘赣边革命根据地,中央革命根据地,陕甘边革命根据地,陕北革命根据地,,B,无,单选题,政治理论,
169,为了坚持、巩固和扩大抗日民族统一战线，中国共产党制定了（    ）的策略总方针。,“发展进步势力，争取中间势力，孤立顽固势力”,“发展进步势力，争取顽固势力，孤立中间势力”,“争取进步势力，发展中间势力，孤立顽固势力”,“争取进步势力，发展顽固势力，孤立中间势力”,,A,无,单选题,政治理论,
170,我国第一部社会主义类型的宪法通过并颁布实施是在（ ）年。,1949,1952,1954,1982,,C,无,单选题,政治理论,
171,新文化运动的中心和五四运动的策源地是（ ）。,复旦大学,北京大学,燕京大学,清华大学,,B,无,单选题,政治理论,
172,在我们党百年历史上，先后通过《关于若干历史问题的决议》《关于建国以来党的若干历史问题的决议》《中共中央关于党的百年奋斗重大成就和历史经验的决议》。这三个决议通过的时间分别是（ ）。,1949;1980;2022,1949;1981;2021,1945;1980;2022,1945;1981;2021,,D,无,单选题,政治理论,
173,在中共七大会议上，毛泽东作了（	）的政治报告。,《论统一战线》,《为人民服务》,《论解放区战场》,《论联合政府》,,D,无,单选题,政治理论,
174,中共一大的中心议题是（   	）。,正式建立中国共产党,讨论马克思主义传播,讨论与国民党合作,讨论党的纲领,,A,无,单选题,政治理论,
175,中国共产党第（	  ）次全国代表大会将毛泽东思想确定为党的指导思想并写入党章。,五,六,七,八,,C,无,单选题,政治理论,
176,中国共产党第一次全国代表大会产生的中央领导机构称为（	）。,中央局,中央委员会,中央执行委员会,中央政治局,,A,无,单选题,政治理论,
177,中国抗日战争的起点和中国人民局部抗战开始的标志是（	）。,九一八事变,华北事变,一二·九运动,七七事变,,A,无,单选题,政治理论,
178,中华人民共和国第一届全国人民代表大会召开时间是（	）。,1949 年 10 月 15 日,1950 年 9 月 15 日,1953 年 10 月 15 日,1954 年 9 月 15 日,,D,无,单选题,政治理论,
179,中华苏维埃共和国实行的制度是（	）,人民代表大会制度,工农兵代表大会制度,农民代表大会制度,工人代表大会制度,,B,无,单选题,政治理论,
180,人民解放军发动渡江战役，于 1949 年 4 月 23 日占领（   ），宣告延续 22 年的国民党反动统治的覆灭。,北平,南京,上海,广州,,B,无,单选题,政治理论,
181,（	  ）拉开了中国新民主主义革命的帷幕。,新文化运动,五四运动,中国共产党成立,五卅运动,,B,无,单选题,政治理论,
182,（	），中国共产党第一次全国代表大会在（	）开幕。,1921 年 7 月 1 日，南京,1921 年 7 月 21 日，上海,1921 年 7 月 23 日，上海,1921 年 7 月 30 日，南京,,C,无,单选题,政治理论,
183,出席中共一大的人员，平均年龄是（	）岁。,25 岁,28 岁,38 岁,40 岁,,B,无,单选题,政治理论,
184,1925 年 6 月 11 日，上海举行群众大会，到会20多万人，全国各地约有 1700 万人直接参加了运动。这场反对帝国主义的民族运动浪潮，史称（   	）。,香港海员罢工,京汉铁路工人罢工,五卅运动,北伐战争,,C,无,单选题,政治理论,
185,国共合作实现后，以（ ）为中心，很快开创了反对帝国主义和封建军阀的革命新局面。,天津,上海,杭州,广州,,D,无,单选题,政治理论,
186,中共四大时，全国党员人数是（  ）。,594 人,794 人,994 人,1594 人,,C,无,单选题,政治理论,
187,1927 年中共五大时，全国党员人数已超过（  ）。,1 万人,3 万人,5 万人,10 万人,,C,无,单选题,政治理论,
188,1927 年（  ），蒋介石在（  ）发动反革命政变。,4 月 2 日，南京,4 月 12 日，上海,4 月 12 日，南京,4 月 2 日，上海,,B,无,单选题,政治理论,
189,（ ）从进攻大城市转到向农村进军，这是中国人民革命发展史上具有决定意义的新起点。,武昌起义,南昌起义,秋收起义,广州起义,,C,无,单选题,政治理论,
190,毛泽东率领秋收起义部队转战时，决定选择在（  	）地区建立革命根据地。,瑞金,南昌,井冈山,大别山,,C,无,单选题,政治理论,
191,1929 年，（	）决议的中心思想是要用无产阶级思想进行军队和党的建设。,遵义会议,古田会议,八七会议,龙岩会议,,B,无,单选题,政治理论,
192,（	   ）以后，中日之间的民族矛盾逐渐上升为主要矛盾，中国国内的阶级关系发生重大变动。,卢沟桥事变,九一八事变,天津事变,西安事变,,B,无,单选题,政治理论,
193,"1934年     月10日,中共中央、中革军委率8.6万余人,踏上战略转移的征程,开始了长征。",昆仑山,大别山,狼牙山,夹金山,,D,无,单选题,政治理论,
195,根据用和平方式解决西安事变的方针，周恩来与张学良、杨虎城共同努力，经过谈判，迫使蒋介石作出（	）的承诺。,停止内战，实行抗战,停止内战，共同抗日,停止剿共，一致对外,停止剿共，联红抗日,,D,无,单选题,政治理论,
196,（	   ），日本由此开始了全面侵华战争，中国展开全国性抗战。,卢沟桥事变,九一八事变,天津事变,西安事变,,A,无,单选题,政治理论,
197,（    ）毛泽东总结经验，作了《论持久战》的长篇讲演。,1931 年,1935 年,1938   年,1945 年,,C,无,单选题,政治理论,
198,（    ）是全民族抗战爆发后中国军队主动对日作战取得的第一个重大胜利，打破了侵华日军所谓“不可战胜”的神话。,平型关大捷,台儿庄战役,武汉会战,长沙大捷,,A,无,单选题,政治理论,
199,抗日战争时期，毛泽东在《〈共产党人〉发刊词》中指出，中国共产党在中国革命中战胜敌人的三个法宝是  （	  ）。,实事求是，理论联系实际，批评与自我批评,群众路线，调查研究，团结一致,自力更生，艰苦奋斗，全心全意为人民服务,统一战线，武装斗争，党的建设,,D,无,单选题,政治理论,
200,1947 年 7 月至 9 月，（    ）在西柏坡主持召开全国土地会议，制定《中国土地法大纲》。,毛泽东,周恩来,刘少奇,董必武,,C,无,单选题,政治理论,
201,在抗日战争的战略相持阶段，（   	）成为主要的抗日作战方式。,敌后游击战争,国民党正面战场,共产党正面战场,敌后游击战争和国民党正面战场相结合,,A,无,单选题,政治理论,
202,毛泽东在（    ）上提出了“枪杆子里面出政权”的著名论断。,晋察冀,晋绥,晋冀豫,苏南,,A,无,单选题,政治理论,
204,（ ）4 月 23 日，中共七大在延安杨家岭开幕。,1941 年,1943 年,1945 年,1947 年,,C,无,单选题,政治理论,
205,中共（	）提出党的政治路线是：“放手发动群众，壮大人民力量，在我党的领导下，打败日本侵略者，解放全国人民，建立一个新民主主义的中国。”,不打无准备之仗,力求在运动中歼灭敌人,集中优势兵力打歼灭战,消灭敌人有生力量,,C,无,单选题,政治理论,
207,（    ）人民解放战争进入夺取全国胜利的决定性阶段。,1946 年春,1947 年夏,1948 年秋,1949 年春,,C,无,单选题,政治理论,
208,1949 年上半年，毛泽东提出了三条基本外交方针，不包括（	）。,“另起炉灶”,“一致对外”,“打扫干净屋子再请客”,“一边倒”,,B,无,单选题,政治理论,
209,抗美援朝战争历时（ ）。,一年五个月,一年九个月,两年五个月,两年九个月,,D,无,单选题,政治理论,
210,1945 年 10 月 25 日，中国政府在（    ）举行受降仪式，被日军占领 50 年之久的台湾以及澎湖列岛，重归中国主权管辖之下，这成为抗日战争取得完全胜利的重要标志。,台湾,南京,上海,北京,,A,无,单选题,政治理论,
211,第一届全国人民代表大会第一次会议召开的时间是（	）。,1949 年 10 月,1950 年 9 月,1954 年 9 月,1954 年 10 月,,C,无,单选题,政治理论,
212,全国人民代表大会即最高国家权力机关，是由 1954 年9 月召开的第一届全国人民代表大会第一次会议通过的（       ）正式确立的。,《中国人民政治协商会议共同纲领》,《中华人民共和国宪法》,《中华人民共和国中央人民政府组织法》,《中国人民政治协商会议章程》,,B,无,单选题,政治理论,
213,在（	）上，周恩来鲜明地提出“求同存异”的方针。,开罗会议,罗马会议,日内瓦会议,万隆会议,,D,无,单选题,政治理论,
214,中华人民共和国首次以五大国之一身份参加讨论国际问题的重要会议是（	）。,开罗会议,罗马会议,日内瓦会议,万隆会议,,C,无,单选题,政治理论,
215,“三大改造”是指对农业、手工业、（	）的社会主义改造。,官僚资本,制造业,大资产阶级,资本主义工商业,,D,无,单选题,政治理论,
216,1956 年党的（   ）召开，标志着党对中国社会主义建设道路的探索取得初步成果。,六大,七大,八大,九大,,C,无,单选题,政治理论,
217,新中国成立后，（     ）在哈尔滨领导创办了军事工程学院。,陈毅,陈赓,朱德,叶挺,,B,无,单选题,政治理论,
218,（	），在中央工作会议闭幕会上，邓小平作了题为《解放思想，实事求是，团结一致向前看》的重要讲话。,1978 年 12 月 13 日,1979 年 12 月 13 日,1980 年 12 月 13 日,1981 年 12 月 13 日,,A,无,单选题,政治理论,
219,（	   ）提出了改革开放的任务。,党的八大,党的十一大,党的十二大,党的十一届三中全会,,D,无,单选题,政治理论,
220,（	 ），我国首次用一枚运载火箭发射三颗卫星进行空间物理探测获得成功。,1981 年 9 月,1982 年 9 月,1981 年 10 月,1982 年 10 月,,A,无,单选题,政治理论,
221,1982 年 12 月，（  ）通过的新宪法，对军队在国家体制中的地位及其性质、职能、任务等作了明确规定，并规定设立中华人民共和国中央军事委员会，领导全国的武装力量。,五届全国人大三次会议,五届全国人大五次会议,六届全国人大三次会议,六届全国人大五次会议,,B,无,单选题,政治理论,
222,拥军优属是我们的优良传统，它作为一种群众性的活动是在（	）兴起的。,瑞金,井冈山,吕梁,延安,,D,无,单选题,政治理论,
223,（	）明确提出建设有中国特色的社会主义的重大命题和“小康”战略目标。,党的十二大,党的十二届三中全会,党的十三大,党的十三届一中全会,,A,无,单选题,政治理论,
224,（   ）是我军永远不变的军魂。,始终跟党走、听党指挥,全心全意为人民服务,永远听党的话,党对军队的绝对领导,,D,无,单选题,政治理论,
225,从（	）开始，五年计划开始改为国民经济和社会发展计划。,“四五”计划,“五五”计划,“六五”计划,“七五”计划,,C,无,单选题,政治理论,
226,（	），《中华人民共和国民族区域自治法》颁布，同年 10 月 1 日起实施，从法律上把民族区域自治制度确立为中国特色社会主义制度的一项基本政治制度。,1984 年 4 月,1984 年 5 月,1984 年 6 月,1984 年 7 月,,B,无,单选题,政治理论,
227,十二届六中全会通过的（	），是党的第一个关于精神文明建设的纲领性文件。,《中共中央关于社会主义精神文明建设指导方针的决议》,《关于加强社会主义精神文明建设的决议》,《关于加强社会主义精神文明建设若干重要问题的决议》,《中共中央关于加强社会主义精神文明建设若干重要问题的决议》,,A,无,单选题,政治理论,
228,（ ）提出“把党建设成为领导社会主义现代化事业的坚强核心”，这标志着党开始用一种新的思路指导自身建设。,党的十一大,党的十二大,党的十三大,党的十四大,,B,无,单选题,政治理论,
229,（	）系统阐述了社会主义初级阶段的理论，明确概括了党在社会主义初级阶段的基本路线。,党的十一大,党的十二大,党的十三大,党的十四大,,C,无,单选题,政治理论,
230,（ ）明确我国经济体制改革的目标是建立社会主义市场经济体制。,党的十二大,党的十三大,党的十四大,党的十五大,,C,无,单选题,政治理论,
231,（ ）提出了党在社会主义初级阶段的基本纲领。,党的十二大,党的十三大,党的十四大,党的十五大,,D,无,单选题,政治理论,
232,（	），中国对香港恢复行使主权。,1997 年 7 月 1 日,1997 年 12 月 20 日,1999 年 7 月 1 日,1999 年 12 月 20 日,,A,无,单选题,政治理论,
233,将（	）确立为党的指导思想，是十六大的一个历史性决策和贡献。,毛泽东思想,邓小平理论,“三个代表”重要思想,科学发展观,,C,无,单选题,政治理论,
234,1949 年 6 月 6 日，中共江西省委在南昌正式成立，（	）任书记。,曾山,陈正人,邵式平,陈奇涵,,B,无,单选题,政治理论,
235,南昌起义时中共前敌委员会组成人员是（ ）。,周恩来,李立三,恽代英,彭湃,,ABCD,无,多选题,政治理论,
236,江西籍开国上将有（ ）。,萧华,陈奇涵,赖传珠,余秋里,,ABC,无,多选题,政治理论,
237,1985 年 10 月 4 日，中共中央发出《关于进一步加强青少年教育预防青少年违法犯罪的通知》，强调要把青少年培养成为（ ）的共产主义新人。,有理想,有道德,有文化,有纪律,,ABCD,无,多选题,政治理论,
238,1980 年，在深圳、（ ）4 个地方设置经济特区。,珠海,厦门,汕头,海南,,ABC,无,多选题,政治理论,
239,1993 年 5 月 4 日，（	）合并成立南昌大学。,江西大学,江西医学院,江西工业大学,南昌学院,,AC,无,多选题,政治理论,
240,1987 年，江西省委、省政府决定，率先开放和重点建设“南门北港”，是指（ ）。,赣州,九江,南昌,上饶,,AB,无,多选题,政治理论,
241,在中国共产党的历史上，以“决议”命名的文件 很少。党的十九届六中全会审议通过了党的第三个历史决议，同党的前两个历史决议既一脉相承又与时俱进。下列属于党的三个历史决议的是（	）,《关于目前政治形势与党的任务的决议》,《关于建国以来党的若干历史问题的决议》,《关于若干历史问题的决议》,《关于党的百年奋斗重大成就和历史经验的决议》,,BCD,无,多选题,政治理论,
242,在党的艰辛探索中，马克思主义基本原理同中国实际和时代特征相结合发生了两次历史性飞跃，产生了两大理论成果，即（ ）。,毛泽东思想,邓小平理论,“三个代表”重要思想,中国特色社会主义理论体系,,AD,无,多选题,政治理论,
243,毛泽东在七大预备会上强调看齐意识，他说：“我们要向（  ）看齐，向（  ）看齐。”,政治基准,中央基准,大会基准,组织基准,,BC,无,多选题,政治理论,
244,20 世纪初期，哪两大中、外政治事件促进了中国共产党的诞生（	）。,1911 年辛亥革命,1918 年第一次世界大战的结束,1919 年五四运动,1917 年俄国十月社会主义革命的胜利,,CD,无,多选题,政治理论,
245,1961 年，中共中央作出以研制“两弹”为中心，加速国防科研和工业发展的重大决策。这“两弹”是指（ ）。,原子弹,氢弹,导弹,核弹,,AC,无,多选题,政治理论,
246,下列事件发生在第一个五年计划期间的是（	）,制定了第一部社会主义类型宪法,进行了三大改造,召开了中共八大,掀起了“大跃进”运动,,ABC,无,多选题,政治理论,
247,全面建设社会主义时期的重要工程和科技成就有（	）。,原子弹爆炸成功,成功人工合成结晶牛胰岛素,建成大庆油田,葛洲坝水利工程建成,,ABC,无,多选题,政治理论,
248,党在社会主义初级阶段基本路线的核心是“一个中心、两个基本点”，即（ ）。,以经济建设为中心,坚持四项基本原则,坚持改革开放,坚持问题导向,,ABC,无,多选题,政治理论,
249,《中共中央关于建立社会主义市场经济体制若干问题的决定》指出，必须坚持（	）的方针。,以公有制为主体,私有经济成分控制发展,多种经济成分适当发展,多种经济成分共同发展,,AD,无,多选题,政治理论,
250,1947 年 6 月起，人民解放军开始全国性反攻，进攻中原地区的有（	）。,聂荣臻率领的晋察冀解放军,刘伯承、邓小平率领的晋冀鲁豫解放军,陈赓等率领的晋冀鲁豫太岳兵团,陈毅、粟裕率领的华东解放军,,BCD,无,多选题,政治理论,
251,遵义会议后，中共中央决定组成三人军事指挥小组，全权负责军事指挥。这三人是（	）。,毛泽东,周恩来,王稼祥,朱德,,ABC,无,多选题,政治理论,
252,毛泽东在《<共产党人>发刊词》一文中总结的中国革命的三大法宝是（ ）,实事求是,统一战线,武装斗争,党的建设,,BCD,无,多选题,政治理论,
253,在全国解放前夕，毛泽东根据内外形势发展变化，用生动形象的语言提出（	），确定了新中国的外交方针和 指导原则。,另起炉灶,打扫干净屋子再请客,一边倒,两手抓,,ABC,无,多选题,政治理论,
254,1953 年 12 月 31 日，周恩来在接见印度代表团时，首次系统地提出了国家之间互相尊重主权和领土完整、（	）、和平共处的五项原则。,互相帮助,互不侵犯,互不干涉内政,平等互利,,BCD,无,多选题,政治理论,
255,从中华人民共和国成立到基本完成社会主义改造，我国相继实现了（	）两个历史性转变。,从半殖民地半封建的旧社会到民族独立、人民当家作主的新社会,从新民主主义到社会主义,从新民主主义到社会主义初级阶段,从资本主义到社会主义,,AB,无,多选题,政治理论,
256,中国共产党与各民主党派实行（	）的方针。,长期共存,互相监督,肝胆相照,荣辱与共,,ABCD,无,多选题,政治理论,
257,新中国成立后，以（ ）等为代表的一批在海外卓有成就的科学家，放弃优裕的工作环境和生活条件，先后回到祖国参加建设。,李四光,华罗庚,赵忠尧,钱学森,,ABCD,无,多选题,政治理论,
258,邓小平提出的“三个有利于”标准是（	）。,是否有利于发展社会主义社会的生产力,是否有利于构建社会主义和谐社会,是否有利于增强社会主义国家的综合国力,是否有利于提高人民的生活水平,,ACD,无,多选题,政治理论,
259,1998 年 7 月，中共中央决定，（	）一律不再从事经商活动。,军队,武警部队,作战部队,政法机关,,ABD,无,多选题,政治理论,
260,进入新时代，走中国特色社会主义政治发展道路，必须坚持（	）有机统一。,党的领导,人民当家作主,统一战线,依法治国,,ABD,无,多选题,政治理论,
261,2023 年 10 月 13 日，在江西省委省政府汇报会上，习近平总书记对江西提出新要求：（	），奋力谱写中国式现代化江西篇章。,解放思想,开拓进取,扬长补短,固本兴新,,ABCD,无,多选题,政治理论,
262,1942 年，中国共产党在全党范围内进行了一次整风运动，其主要任务是（	）。,反对主观主义以整顿学风,反对宗派主义以整顿党风,反对党八股以整顿文风,反对自由主义以整顿会风,,ABC,无,多选题,政治理论,
263,七届二中全会上，毛泽东同志提出务必使同志们保持（	  ）。,密切联系群众的作风,谦虚、谨慎、不骄、不躁的作风,实事求是的作风,艰苦奋斗的作风,,BD,无,多选题,政治理论,
264,党在过渡时期总路线的基本内容包括（	）。,逐步实现国家的社会主义工业化,逐步实现国家对农业的社会主义改造,逐步实现国家对手工业的社会主义改造,逐步实现国家对资本主义工商业的社会主义改造,,ABCD,无,多选题,政治理论,
265,1956 年至 1966 年，除鞍山钢铁基地进一步建设外，（	）两大钢铁基地也主要是在这十年建设起来的。,武汉,石景山,攀枝花,包头,,AD,无,多选题,政治理论,
266,1976 年，（	）三位党和国家杰出领导人相继逝世，给党和国家建设造成了不可估量的损失。,毛泽东,朱德,任弼时,周恩来,,ABD,无,多选题,政治理论,
267,2017 年 5 月 14 日，习近平总书记在首届“一带一路”国际合作高峰论坛开幕式发表主旨演讲，强调要将“一带一路”建成和平之路、（ ）。,繁荣之路,开放之路,创新之路,文明之路,,ABCD,无,多选题,政治理论,
268,党在新时代的强军目标是建设一支（ ）的人民军队，把人民军队建设成为世界一流军队。,听党指挥,能打胜仗,作风优良,绝对忠诚,,ABC,无,多选题,政治理论,
269,十八大召开十年来，我们经历了对党和人民事业具有重大现实意义和深远历史意义的三件大事：（	）,迎来中国共产党成立一百周年,中国特色社会主义进入新时代,完成脱贫攻坚、全面建成小康社会的历史任务，实现第一个百年奋斗目标,制定第三个历史决议,,ABC,无,多选题,政治理论,
270,"1945 年 8 月,中共中央在《对目前时局的宣言》中明确提出的口号是（  ）。",独立,和平,民主,团结,,BCD,无,多选题,政治理论,
271,“一五”期间，沟通西藏和内地联系公路建成通车的线路是（   ）。,京藏公路,康藏公路,新藏公路,青藏公路,,BCD,无,多选题,政治理论,
272,1935 年12月9日，北平学生举行声势浩大抗日示威游行时喊的口号是（  ）。,反对华北自治运动,打倒日本帝国主义,内惩国贼，外争国权,停止内战，一致对外,,ABD,无,多选题,政治理论,
273,1935 年 1 月召开的遵义会议挽救了党、挽救了红军，挽救了中国革命，是我们党从幼年走向成熟的标志。在这次会议后，三人军事指挥小组的人员有（ ）。,朱德,周恩来,王稼祥,毛泽东,,BCD,无,多选题,政治理论,
274,1937 年 8 月，红军主力改编为国民革命军第八路军，有（	）组成。,115 师,120 师,125 师,129 师,,ABD,无,多选题,政治理论,
275,1945 年，中国共产党飞赴重庆与国民党当局进行谈判的主要代表有（	）。,毛泽东,周恩来,王若飞,刘少奇,,ABC,无,多选题,政治理论,
276,1945 年至 1947 年，国民党在其统治区为镇压人民反内战运动制造的血案有（	）。,五二〇惨案,五卅惨案,沙田惨案,一二一惨案,,AD,无,多选题,政治理论,
277,1979 年 4 月 5 日至 28 日，党中央召开工作会议，正式确立了对国民经济实行“（	）、提高”的方针，通称为新“八字方针”。,调整,改革,整顿,充实,,ABC,无,多选题,政治理论,
278,被党中央、国务院、中央军委追授为“两弹一星功勋奖章”的有（ ）。,邓稼先,赵九章,钱三强,吴文俊,,ABC,无,多选题,政治理论,
279,从 1949 年 10 月新中国成立到 1976 年 10 月“文化大革命”结束，这是中国共产党领导人民进行（ ）的时期。,新民主主义革命,开创中国特色社会主义,社会主义改造,开始全面建设社会主义,,CD,无,多选题,政治理论,
280,从 1978 年开始，安徽、四川的基层干部和农民群众，在省委支持下，开始探索试行农业生产责任制的多种形式，主要有（ ）。,兴修水利,包产到组,包产到户,包干到户,,BCD,无,多选题,政治理论,
281,从中共十三大到中共十四大，是邓小平理论形成科学体系的时期，这一时期提出了（   	）。,,社会主义本质理论,“三个有利于”标准,科学技术是第一生产力,,ABCD,无,多选题,政治理论,
282,邓小平提出的我们必须在思想政治上坚持的四项基本原则是坚持中国共产党领导、（ 	）。,坚持改革开放,坚持社会主义道路,坚持人民民主专政,坚持马列主义、毛泽东思想,,BCD,无,多选题,政治理论,
283,第一次国共合作时期孙中山提出的“三大政策”是（	）。,平均地权,联俄,联共,扶助农工,,BCD,无,多选题,政治理论,
284,发动西安事变的将领有（ ）。,张学良,蔡廷锴,杨虎城,冯玉祥,,AC,无,多选题,政治理论,
285,解放战争时期，人民解放军进行战略决战的三大战役是（ ）,上党战役,辽沈战役,淮海战役,平津战役,,BCD,无,多选题,政治理论,
286,抗日民主政府在工作人员分配上实行“三三制”原则，即（ ）。,共产党员占三分之一,非党员左派进步分子占三分之一,农民占三分之一,中间派占三分之一,,ABD,无,多选题,政治理论,
287,抗日民族统一战线策略总方针中的进步势力主要是指（	）。,工人阶级,农民阶级,城市小资产阶级,富农阶级,,ABC,无,多选题,政治理论,
288,抗日民族统一战线策略总方针中的中间势力主要是指（	）。,民族资产阶级,民主党派,城市小资产阶级,一部分地方实力派,,ABD,无,多选题,政治理论,
289,抗日民族统一战线策略总方针中同顽固派作斗争时，应坚持的原则是（  ）。,自力更生,有理,有利,有节,,BCD,无,多选题,政治理论,
290,毛泽东在《关于正确处理人民内部矛盾的问题》一文中提出的解决人民内部矛盾的方法是（	）。,《中国的红色政权为什么能够存在》,《星星之火，可以燎原》,《中国社会各阶级的分析》,《井冈山的斗争》,,AD,无,多选题,政治理论,
292,十三大制定了社会主义现代化建设“三步走”的战略部署，其内容是（  ）。,实现国民生产总值比 1980 年翻一番，解决人民的温饱问题,到 20 世纪末，使国民生产总值再增长一倍，人民生活达到小康水平,到 21 世纪中叶，人均国民生产总值达到中等发达国家水平，人民生活比较富裕，基本实现现代化,用一百年左右的时间，走完发达国家用几百年走过的路程,,ABC,无,多选题,政治理论,
293,我国在社会主义探索时期提出的“三面红旗”是指（	）。,总路线,“一大二公”,“大跃进”,人民公社,,ACD,无,多选题,政治理论,
294,五四运动形成了（  	）的五四精神，拉开了中国新民主主义革命的序幕。,民主,爱国,进步,科学,,ABCD,无,多选题,政治理论,
295,习近平总书记在纪念辛亥革命 110 周年大会上的讲话中说：孙中山先生是（	）。,伟大的民族英雄,伟大的爱国主义者,中国民主革命的伟大先驱,中国新民主主义革命伟大领导者,,ABC,无,多选题,政治理论,
296,下列属于苏区精神内涵的有（	）。,坚定信念、求真务实,一心为民、清正廉洁,艰苦奋斗、争创一流、无私奉献,依靠群众、敢于胜利,,ABC,无,多选题,政治理论,
297,下列有关会议，在上海召开的有（ ）。,中共一大,中共二大,中共三大,中共四大,,ABD,无,多选题,政治理论,
298,下列有关七届二中全会表述正确的有（ ）。,反对帝国主义、封建主义、官僚资本主义,争取民族独立、人民解放,为实现中华民族伟大复兴创造根本社会条件,建成社会主义国家,,ABC,无,多选题,政治理论,
300,新中国开展的“三反”运动是指（	）。,反贪污,反浪费,反行贿,反官僚主义,,ABD,无,多选题,政治理论,
301,在波澜壮阔的抗美援朝战争中，英雄的中国人民志愿军始终发扬（ ），为了人类和平与正义事业而奋斗的国际主义精神，锻造了伟大抗美援朝精神。,祖国和人民利益高于一切、为了祖国和民族的尊严而奋不顾身的爱国主义精神,英勇顽强、舍生忘死的革命英雄主义精神,不畏艰难困苦、始终保持高昂士气的革命乐观主义精神,为完成祖国和人民赋予的使命、慷慨奉献自己一切的革命忠诚精神,,ABCD,无,多选题,政治理论,
302,在下列为抗战牺牲的民族英雄中，是共产党员的有（	）。,彭雪枫,赵尚志,左权,杨靖宇,,ABCD,无,多选题,政治理论,
303,在以下选项中，属于在新民主主义革命时期形成的革命精神的有（	）。,伟大建党精神,井冈山精神,长征精神,延安精神,,ABCD,无,多选题,政治理论,
304,在中共七届二中全会上，毛泽东告诫全党，夺取全国胜利，这只是万里长征走完了第一步，中国的革命是伟大的，但革命以后的路更长，工作更伟大，更艰苦。据此，他提出了“两个务必”的思想，即（ ）。,务必由农业国转变为工业国,务必使同志们继续地保持谦虚、谨慎、不骄、不躁的作风,务必由新民主主义社会转变为社会主义社会,务必使同志们继续地保持艰苦奋斗的作风,,BD,无,多选题,政治理论,
305,中共二大制定的民主革命纲领主要内容有（	）。,实现社会主义,打倒军阀,推翻国际帝国主义的压迫,统一中国为真正民主共和国,,BCD,无,多选题,政治理论,
306,中共七大的重大意义在于（	）,确立毛泽东思想为党的指导思想,做出了把党和国家工作重心转移到城市的决定,实现了全党空前的团结和统一,为争取抗日战争和新民主主义革命的胜利奠定了基础,,ACD,无,多选题,政治理论,
307,中共一大选举产生的党的领导机构中央局成员有（ ）。,陈独秀,张国焘,董必武,李达,,ABD,无,多选题,政治理论,
308,中国共产党成立的历史条件有（	）。,工人阶级队伍的壮大和工人运动的发展,马克思主义在中国的传播,十月革命的胜利和共产国际的帮助,具有初步共产主义觉悟的知识分子成长起来，推动了马克思主义与工人运动结合,,ABCD,无,多选题,政治理论,
309,中国新民主主义革命胜利的原因有（	）。,广大人民和各界人士的广泛参加和大力支持,国际无产阶级和人民群众的支持,中国共产党的领导,帝国主义、封建主义、官僚资本主义的退让,,ABC,无,多选题,政治理论,
310,下列关于《中国土地法大纲》说法正确的是（	）。,是一个彻底反封建的土地革命纲领,规定废除封建性及半封建性剥削的土地制度,实行耕者有其田的土地制度,是新中国成立后最重要的土地政策文件,,ABC,无,多选题,政治理论,
311,下列关于中共二大表述正确的有（	）。,通过了中国共产党第一部党章，即《中国共产党章程》,第一次明确地提出反帝反封建的民主革命纲领,确认中国共产党是共产国际的一个支部,体现了民主集中制原则,,ABCD,无,多选题,政治理论,
312,中国工农红军长征胜利的重要意义有（	）。,宣告了国民党反动派消灭中国共产党和红军的图谋彻底失败,宣告了中国共产党和红军肩负着民族希望胜利实现了北上抗日的战略转移,实现了中国共产党和中国革命事业从挫折走向胜利的伟大转折,开启了中国共产党为实现民族独立、人民解放而斗争的新的伟大进军,,ABCD,无,多选题,政治理论,
313,在党的领导下，以（	）为起点，以（	）为终点，掀起了中国工人运动第一次高潮。,1922 年 1 月香港海员罢工,1922 年 9 月安源路矿工人大罢工,1923 年 2 月京汉铁路工人罢工,1922 年 10 月开滦煤矿大罢工,,AC,无,多选题,政治理论,
314,抗美援朝战争期间，党中央统揽全局，实施有力的战争动员和正确的战争指导，采取（ ）的方针，开展了波澜壮阔的抗美援朝运动。,边打,边稳,边谈,边建,,ABD,无,多选题,政治理论,
315,1952 年1 月，中央决定在私营工商界开展一场“五反”运动，下列属于“五反”内容的有：（	）,反对行贿,反对偷税漏税,反对盗骗国家财产,反对贪污,,ABC,无,多选题,政治理论,
316,毛泽东曾形象地指出：“长征是历史记录上的第一次，长征是（	），长征是（	），长征是（	）。”,宣言书,宣传队,播种机,运输队,,ABC,无,多选题,政治理论,
317,毛泽东在《纪念白求恩》一文中指出，要做“一个高尚的人，一个纯粹的人，（	）”。,一个有道德的人,一个脱离了低级趣味的人,一个有益于人民的人,一个甘于奉献的人,,ABC,无,多选题,政治理论,
318,大生产运动是克服抗日根据地困难的重要一环，总方针是“（ ）”。,发展经济,保障供给,自力更生,艰苦奋斗,,AB,无,多选题,政治理论,
319,1945 年 6 月 19 日，党的七届一中全会选举毛泽东、朱德、（ ）为中央书记处书记。,刘少奇,彭德怀,周恩来,任弼时,,ACD,无,多选题,政治理论,
320,“焦裕禄精神”是一种向焦裕禄同志学习的精神，被习近平总书记概括为“（ ）、无私奉献”。,亲民爱民,艰苦奋斗,科学求实,迎难而上,,ABCD,无,多选题,政治理论,
321,延安精神的内容（  	）。,坚定正确的政治方向,解放思想实事求是的思想路线,全心全意为人们服务的根本宗旨,自力更生、艰苦奋斗的创业精神,,ABCD,无,多选题,政治理论,
322,大庆精神的内容（     ）。,爱国,创业,求实,奉献,,ABCD,无,多选题,政治理论,
323,两弹一星精神的内容（   ）。,解放思想、相信科学,热爱祖国、无私奉献,自力更生、艰苦奋斗,大力协同、勇于登攀,,BCD,无,多选题,政治理论,
324,科学发展观的基本要求是（	）。,全面,协调,以人为本,可持续,,ABD,无,多选题,政治理论,
325,伟大建党精神的内容：（   ）。,坚持真理、坚守理想,践行初心、担当使命,不怕牺牲、英勇斗争,对党忠诚、不负人民,,ABCD,无,多选题,政治理论,
326,特区精神的内容（   ）。,敢闯敢试,敢为人先,埋头苦干,自力更生,,ABC,无,多选题,政治理论,
327,党的十二大把“长期共存、互相监督”八字方针发展为“长期共存、互相监督、（	）、（    ）”十六字方针。,肝胆相照,相辅相成,荣辱与共,团结协作,,AC,无,多选题,政治理论,
328,1980 年，五届全国人大常委会十五次会议同意在（	）设置经济特区。,深圳,珠海,厦门,汕头,,ABCD,无,多选题,政治理论,
329,载人航天精神的内容：（ ）。,特别能吃苦,特别能战斗,特别能攻关,特别能奉献,,ABCD,无,多选题,政治理论,
330,和	成为党在社会主义新时期领导文艺工作的基本遵循。（	）,“双百”方针,“二为”方向,“三不”主义,百家争鸣,,AB,无,多选题,政治理论,
331,1923 年 6 月 12 日-20 日，中国共产党第三次全国代表大会在广州举行。大会规定共产党员加入国民党时，党必须在	、	、	保持自己的独立性。（	）,政治上,思想上,组织上,纪律上,,ABC,无,多选题,政治理论,
332,以下属于土地革命战争时期中国共产党创办的刊物的有：（	）。,《布尔塞维克》,《红旗》,《斗争》,《解放》,,ABCD,无,多选题,政治理论,
333,五四运动的历史特点和意义体现在（	）。,是一次彻底反帝反封建的运动,是一场真正的群众性运动,促进了马克思主义在中国的广泛传播,是中国新民主主义革命的开端,,ABCD,无,多选题,政治理论,
334,"红军长征开始于（ ）,结束于（   ）。",1933 年 10 月,1934 年 10 月,1935 年 10 月,1936 年 10 月,,BD,无,多选题,政治理论,
335,1927 年 9 月 29 日，秋收起义各部队到达江西永新县三湾村，在毛泽东领导下进行了改编，史称三湾改编。三湾改编的措施（   ）。,确立了毛泽东在党中央和红军的领导地位,开始改变旧军队的习气和不良作风,从组织上确立了党对军队的领导,是建设无产阶级领导的新型人民军队的重要开端,,BCD,无,多选题,政治理论,
336,中国共产党在中国革命中的三个基本问题包括：（    ）,统一战线问题,党的建设问题,武装斗争问题,联系群众问题,,ABC,无,多选题,政治理论,
337,标志着中国共产党开始从中国实际出发，独立自主地探索适合中国国情的社会主义建设道路的文献包括：（       	）,《论十大关系》,党的八大文献,《关于正确处理人民内部矛盾的问题》,《论联合政府》,,ABC,无,多选题,政治理论,
338,确立中国共产党对人民军队绝对领导的重大历史事件有：（ ）,古田会议,三湾改编,遵义会议,八七会议,,AB,无,多选题,政治理论,
339,关于中国共产党发出的《为抗日救国告全国同胞书》的表述正确的有：（	）,提出建立抗日敌后根据地,明确提出：“抗日则生，不抗日则死，抗日救国，已成为每个同胞的神圣天职!”,是中国共产党驻共产国际代表团起草的,是以中华苏维埃共和国临时中央政府和中共中央名义发表的,,BCD,无,多选题,政治理论,
340,土地革命战争时期，集中体现我党把马列主义和中国实际相结合的成果有：（	）,《反对本本主义》,《中国社会各阶级的分析》,《星星之火，可以燎原》,《改造我们的学习》,,AC,无,多选题,政治理论,
341,下列各项中，属于红军在遵义会议后的军事行动的是（	  ）。,四渡赤水,强渡乌江,巧渡金沙江,飞夺泸定桥,,ACD,无,多选题,政治理论,
342,20 世纪初期，哪两大中、外政治事件促进了中国共产党的诞生？,1911 年辛亥革命,1919 年共产国际成立,1919 年五四运动,1917 年俄国十月社会主义革命的胜利,,CD,无,多选题,政治理论,
343,辛亥革命最终失败的原因是（	）。,没有建立革命政权,没有坚强有力的革命政党,没有一个彻底的革命纲领,没有充分发动和依靠人民大众,,BCD,无,多选题,政治理论,
344,新文化运动的代表人物有（	）。,李大钊,陈独秀,胡适,鲁迅,,ABCD,无,多选题,政治理论,
345,五四运动取得初步胜利的标志是（	）。,《新青年》杂志创办,拒绝巴黎和会的和约签字,释放被捕学生,撤掉曹汝霖、章宗祥、陆宗舆三个卖国贼的职务,,BCD,无,多选题,政治理论,
346,关于五四运动，下列说法正确的是（	）。,辛亥革命后资产阶级革命派的又一次奋斗,近代中国第一次彻底的反帝反封建的革命运动,标志着新民主主义革命的开端,为中国共产党的成立做了思想上和干部上的准备,,BCD,无,多选题,政治理论,
347,中国共产党的成立具有划时代的意义，是中国历史上的大事件，从此，中国革命的面目就焕然一新。其重要意义主要体现在：（	）。,使中国革命有了坚强的领导核心，中国人民有了可依赖的组织者和领导者，保证了中国革命的胜利发展,使中国革命有了科学的指导思想——马克思列宁主义,使中国革命有了新的革命方向，在农民阶级和资产阶级革命失败后，中国共产党的出现让在绝望中的中国人民看到了希望——社会主义,使资产阶级成为革命的领导力量,,ABC,无,多选题,政治理论,
348,我国政府恢复对香港、澳门行使主权后，对香港、澳门实行“一国两制”、港人治港、澳人治澳、高度自治的方针。香港、澳门特别行政区在政治和法律方面享有的自治权包括（	  ）。,独立的外交权,行政管理权,立法权,独立的司法权和终审权,,BCD,无,多选题,政治理论,
349,中国新民主主义革命的三大经济纲领是（     ）。,没收封建阶级的土地归农民所有,保护民族工商实业,没收四大家族为首的垄断资本归新民主主义国家所有,没收民族资产阶级的资本归新民主主义国家所有,,ABC,无,多选题,政治理论,
350,"毛泽东在党的七届二中全会上提出,务必使同志们保持（	）。",密切联系群众的作风,实事求是的作风,谦虚、谨慎、不骄、不躁的作风,艰苦奋斗的作风,,CD,无,多选题,政治理论,
351,1954 年提出的四个现代化是（	）。,工业现代化,农业现代化,科学技术现代化,国防现代化,,ABCD,无,多选题,政治理论,
352,中国共产党在全民族抗战中发挥的中流砥柱作用主要体现在（	）。,积极倡导、促成并维护抗日民族统一战线,最大限度地动员全国军民共同抗战,科学阐明了抗日战争的规律和进程,制定了正确的战略和策略,,ABCD,无,多选题,政治理论,
353,1949 年 9 月，中国人民政治协商会议通过的重要议案有（	）。,"通过中华人民共和国的国都定于北平,自即日起改名北平为北京",通过中华人民共和国的国旗为五星红旗,通过中华人民共和国的纪年采用公元,"通过在中华人民共和国的国歌未正式制定前,以义勇军进行曲为国歌",,ABCD,无,多选题,政治理论,
354,中国共产党的实事求是的思想路线的基本内容包括（	）。,为人民服务,一切从实际出发,理论联系实际,在实践中检验和发展真理,,BCD,无,多选题,政治理论,
355,新中国成立初期三次大规模的政治运动指的是（    	）。,民族平等,社会制度自由,民族团结,共同发展繁荣,,ACD,无,多选题,政治理论,
358,中国共产党第一次代表大会的长沙代表是（ ）。,毛泽东,何叔衡,王尽美,邓恩铭,,AB,无,多选题,政治理论,
359,毛泽东指出，新民主主义革命的对象是（	）。,民族资产阶级,帝国主义,官僚资本主义,封建主义,,BCD,无,多选题,政治理论,
360,下列属于中共党史军史上的三大起义的是（	）。,南昌起义,秋收起义,平江起义,广州起义,,ABD,无,多选题,政治理论,
361,1928 年在莫斯科召开了中共第六次全国代表大会，以下属于本次大会缺点的是（   ）。,把民族资产阶级当作最危险的敌人,把党的工作重心放在城市,对中国革命的长期性估计不足,认为中国是半殖民地半封建社会,,ABC,无,多选题,政治理论,
362,中国工农红军游击战争的作战指导原则是（ ）。,敌进我退,敌驻我扰,敌疲我打,敌退我追,,ABCD,无,多选题,政治理论,
363,遵义会议的历史意义是（ 	）。,遵义会议在中国革命处于生死攸关的危急关头挽救了中国革命,遵义会议是中国共产党从幼年走向成熟的标志,遵义会议确立了毛泽东在中国共产党的领导地位,结束了王明“左”倾错误在中共中央的统治,,ABCD,无,多选题,政治理论,
364,长征结束时会师的三大主力红军是（    ）。,红一方面军,红二方面军,红三方面军,红四方面军,,ABD,无,多选题,政治理论,
365,抗日战争时期党领导的武装力量有（	）。,八路军,新四军,山西青年抗敌决死队,东江纵队,,ABCD,无,多选题,政治理论,
366,中国革命战争的基本形式有（	）。,游击战,运动战,阵地战,地雷战,,ABC,无,多选题,政治理论,
367,脱贫攻坚精神的内容：（      ）。,上下同心、尽锐出战,精准务实、开拓创新,攻坚克难、不负人民,践行初心、担当使命,,ABC,无,多选题,政治理论,
368,秋收起义是中国共产党独立领导武装斗争、创建人民军队和武装夺取政权的开端。,,,,,,错,无,判断题,政治理论,
369,1937年12月下旬，新四军军部在南昌组建，叶挺任军长，项英任副军长，张云逸任参谋长，袁国平任政治部主任。,,,,,,错,无,判断题,政治理论,
370,1950 年 5 月 1 日颁行的《中华人民共和国婚姻法》是新中国成立后制定的第一部基本法律。,,,,,,对,无,判断题,政治理论,
371,1950 年 10 月 18 日晚，毛泽东向中国人民解放军下达入朝作战命令。,,,,,,错,无,判断题,政治理论,正确答案应为: 1950 年 10 月 18 日晚，毛泽东向中国人民志愿军下达入朝作战命令
372,1974 年 10 月，经国务院批准，国务院环境保护领导小组及办公室正式成立，新中国历史上第一个环境保护机构诞生。,,,,,,对,无,判断题,政治理论,
373,1990 年 11 月 14 日，中国人民银行批准成立上海证券交易所，12 月 19 日正式开业，这是改革开放以来在大陆开业第一家证券交易所。,,,,,,对,无,判断题,政治理论,
374,2008 年 12 月 31 日，胡锦涛在纪念《告台湾同胞书》发表 10 周年座谈会上发表讲话，提出推动两岸关系和平发展的六点主张。,,,,,,错,无,判断题,政治理论,正确答案应为: 胡锦涛在纪念《告台湾同胞书》发表30周年座谈会上发表讲话
375,党的领导是党和国家的根本所在、命脉所在，是全国各族人民的利益所系、命运所系。,,,,,,对,无,判断题,政治理论,
376,北斗三号全球卫星导航系统全面建成并开通服务，标志着我国成为世界上第三个独立拥有全球卫星导航系统的国家。,,,,,,对,无,判断题,政治理论,
377,八一南昌起义第一次打出了工农革命军的旗帜。,,,,,,错,无,判断题,政治理论,正确答案应为: 秋收起义第一次打出了工农革命军的旗帜
378,中国无产阶级作为独立的政治力量第一次登上历史舞台是在五四运动中。,,,,,,对,无,判断题,政治理论,
379,1928 年 6 月，中国共产党第六次全国代表大会在武汉举行。,,,,,,错,无,判断题,政治理论,正确答案应为: 中国共产党第六次全国代表大会在莫斯科举行
380,延安整风运动的方针是“惩前毖后”和“治病救人”。,,,,,,对,无,判断题,政治理论,
381,土地改革的胜利完成，消灭了地主阶级封建剥削的土地所有制，意味着反封建任务的彻底完成。,,,,,,错,无,判断题,政治理论,正确答案应为: 土地改革的胜利完成，并不意味着反封建任务的彻底完成
382,党的八大宣告了社会主义革命的基本完成和社会主义制度的基本确立。,,,,,,对,无,判断题,政治理论,
383,生产资料私有制的社会主义改造完成以后，阶级斗争仍然是中国国内主要矛盾。,,,,,,错,无,判断题,政治理论,正确答案应为: 人民对于建立先进的工业国的要求同落后的农业国的现实之间的矛盾，是人民对于经济文化迅速发展的需要同当前经济文化不能满足人民需要的状况之间的矛盾
384,1970 年 4 月，我国成功发射的第一颗人造地球卫星“东方红一号”，标志着中国在宇宙航天技术方面取得历史性突破。,,,,,,对,无,判断题,政治理论,
385,科学发展观的第一要义是发展，核心是以人为本，基本要求是全面协调可持续，根本方法是统筹兼顾。,,,,,,对,无,判断题,政治理论,
386,“一国两制”是历史遗留的香港、澳门问题的最佳解决方案。,,,,,,对,无,判断题,政治理论,
387,1927 年党的第五次全国代表大会在党的历史上第一次选举产生了中央监察委员会。,,,,,,对,无,判断题,政治理论,
388,1935 年1 月召开的遵义会议是我们党的历史上一个生死攸关的转折点。,,,,,,对,无,判断题,政治理论,
389,党的七届二中全会着重讨论了党的工作重心的战略转移的问题。,,,,,,对,无,判断题,政治理论,
390,中华人民共和国成立，标志着中国社会主义初级阶段的开始。,,,,,,错,无,判断题,政治理论,正确答案应为: 中华人民共和国的成立，标志着中国进入了社会主义社会，但并不意味着社会主义初级阶段的开始。社会主义初级阶段是指我国在生产力水平较低、经济基础薄弱的情况下，需要经历的一个较长的发展阶段
391,半殖民地半封建的社会性质决定中国共产党领导的革命包括民主主义革命和社会主义革命两个阶段，这是两个性质相同的革命过程。,,,,,,错,无,判断题,政治理论,正确答案应为: 这是两个性质不同的革命过程
392,党的十三大的突出贡献，是系统阐述了社会主义初级阶段的理论，明确概括了党在社会主义初级阶段的基本路线。,,,,,,对,无,判断题,政治理论,
393,“三个代表”重要思想的核心是保持党的先进性。,,,,,,对,无,判断题,政治理论,
394,中国式现代化是人口规模较小的现代化。,,,,,,错,无,判断题,政治理论,正确答案应为: 规模较大
395,全面建设小康社会是实现中华民族伟大复兴中国梦的关键一步，在“四个全面”战略布局中居于引领地位。,,,,,,错,无,判断题,政治理论,正确答案应为: 全面建成小康社会
396,党的第一次全国代表大会通过了党的纲领，正式确立党的名称为“中国共产党”。,,,,,,对,无,判断题,政治理论,
397,工人阶级是中国革命的主要力量。,,,,,,错,无,判断题,政治理论,正确答案应为: 中国民主革命的主要力量，乃工人、农民、城市小资产阶级群众，还有各民主党派及爱国知识分子
398,1949 年 9 月 21 日，中国人民政治协商会议第一届全体会议在北平隆重开幕。,,,,,,对,无,判断题,政治理论,
399,1950 年 5 月 1 日，中共中央发出《关于在全党全军开展整风运动的指示》，要求严格地整顿全党的作风，首先是整顿干部作风。,,,,,,对,无,判断题,政治理论,
400,1978 年 12 月，中国共产党召开十届三中全会，果断结束“以阶级斗争为纲”，实现党和国家工作中心战略转移，开启了改革开放和社会主义现代化建设新时期。,,,,,,错,无,判断题,政治理论,正确答案应为: 十一届三中全会
401,党的十七大报告指出：“全党同志要坚决维护党的集中统一，自觉遵守党的组织纪律，始终同党中央保持一致，坚决维护中央权威，切实保证政令畅通。”,,,,,,错,无,判断题,政治理论,正确答案应为: 自觉遵守党的组织纪律
402,社会主义初级阶段是当代中国的最大国情、最大实际。,,,,,,对,无,判断题,政治理论,
403,脱贫攻坚是全面建成小康社会的底线任务。,,,,,,对,无,判断题,政治理论,
404,党的十九大作出我国社会主要矛盾已经发生转化的重大政治论断。,,,,,,对,无,判断题,政治理论,
405,新中国成立后制定的第一部法律是《中华人民共和国土地改革法》。,,,,,,错,无,判断题,政治理论,正确答案应为: 新中国成立后制定的第一部法律是《中国人民共和国婚姻法》
406,“把马克思主义的普遍真理同我国的具体实际结合起来，走自己的路，建设有中国特色的社会主义”是邓小平在中共十一届三中全会上提出来的。,,,,,,错,无,判断题,政治理论,正确答案应为: 是邓小平在中共十二大开幕词上提出来的
407,1920 年 10 月，李大钊等在北京成立共产党早期组织，当时取名为“共产党小组”。,,,,,,对,无,判断题,政治理论,
408,1935 年1 月召开的遵义会议确立了毛泽东在红军和党中央的领导地位，挽救了党、挽救了红军、挽救了中国革命，成为党的历史上一个生死攸关的转折点。,,,,,,对,无,判断题,政治理论,
409,1949 年 3 月，中共中央在西柏坡召开七届二中全会。毛泽东在会上向全党同志提出了著名的“两个务必”要求。,,,,,,对,无,判断题,政治理论,
410,1978 年 5 月 11 日，《光明日报》发表题为《实践是检验真理的唯一标准》的特约评论员文章，从根本理论上否定了“两个凡是”的错误方针，揭开了真理标准讨论的序幕。,,,,,,对,无,判断题,政治理论,
411,八七会议标志着中国共产党独立领导革命战争、创建人民军队和武装夺取政权的开端，开启了中国革命新纪元。,,,,,,错,无,判断题,政治理论,正确答案应为: 南昌起义
412,标志着我党胜利地完成了指导思想上的拨乱反正是中共十一届六中全会通过的《关于建国以来党的若干历史问题的决议》。,,,,,,对,无,判断题,政治理论,
413,大革命失败后，中国共产党创建的第一个农村革命根据地是鄂豫皖革命根据地。,,,,,,错,无,判断题,政治理论,正确答案应为: 井冈山革命根据地
414,党的十二大将党中央的主席制度改变为总书记制度。,,,,,,对,无,判断题,政治理论,
415,党的十六大以后，以胡锦涛同志为主要代表的中 国共产党人，团结带领全党全国各族人民，在全面建成小康社会进程中推进实践创新、理论创新、制度创新，深刻认识和回答了新形势下实现什么样的发展、怎样发展等重大问题，形成了科学发展观。,,,,,,对,无,判断题,政治理论,
416,党的十三届四中全会以后，以江泽民同志为主要代表的中国共产党人，团结带领全党全国各族人民，坚持党的基本理论、基本路线，加深了对什么是社会主义、怎样建设社会主义和建设什么样的党、怎样建设党的认识，形成了 “三个代表”重要思想。,,,,,,对,无,判断题,政治理论,
417,党的十四大明确提出我国经济体制改革的目标是建立社会主义市场经济体制。,,,,,,对,无,判断题,政治理论,
418,"党的十一届三中全会以后,以邓小平同志为主要代表的中国共产党人,制定了到二十一世纪中叶分三步走、完全实现社会主义现代化的发展战略,成功开创了中国特色社会主义。",,,,,,错,无,判断题,政治理论,正确答案应为: 基本实现社会主义现代化的发展战略
419,古田会议决议是中国共产党和红军建设的纲领性文献，提出了解决把以农民为主要成分的军队建设成为无产阶级性质的新型人民军队这个根本性问题的原则方向。,,,,,,对,无,判断题,政治理论,
420,国民党一大事实上确立了联俄、联共、扶助农工的三大革命政策，标志着第一次国共合作的正式形成。,,,,,,对,无,判断题,政治理论,
421,李大钊是在中国举起十月革命旗帜的第一人，是中国最早的马克思主义传播者。,,,,,,对,无,判断题,政治理论,
422,毛泽东在《反对本本主义》一书中强调马克思主义的“本本”是不需要学习的。,,,,,,错,无,判断题,政治理论,正确答案应为: 马克思主义的“本本”是要学习的，但必须同我国实际情况相结合
423,明确规定以支部作为党的基本组织是党的四大作出的决定。,,,,,,对,无,判断题,政治理论,
424,提出全面建设小康社会的奋斗目标的是党的十六大。,,,,,,对,无,判断题,政治理论,
425,五四运动是中国革命史上具有重大意义的事件，标志着中国新民主主义革命的开端。,,,,,,对,无,判断题,政治理论,
426,中共二大制定了党的最高纲领和最低纲领。,,,,,,对,无,判断题,政治理论,
427,中共一大的中心议题是讨论马克思主义传播。,,,,,,错,无,判断题,政治理论,正确答案应为: 中共一大的中心议题是正式建立中国共产党
428,中国共产党人建立苏维埃政权的首次尝试出现在广州起义。,,,,,,对,无,判断题,政治理论,
429,中国共产党是马克思主义与中国工人运动相结合的产物。,,,,,,对,无,判断题,政治理论,
430,中国人民的抗日战争揭开了世界反法西斯战争的序幕。,,,,,,对,无,判断题,政治理论,
431,自党的十二大起，按照党章规定，党的全国代表大会每五年召开一次，实现了制度化,,,,,,对,无,判断题,政治理论,
432,以《论十大关系》和党的八大为标志，党对中国社会主义建设道路的探索有了良好开端。,,,,,,对,无,判断题,政治理论,
433,鼓足干劲、力争上游、多快好省地建设社会主义”的总路线是中国共产党的八大一次会议正式通过的。,,,,,,错,无,判断题,政治理论,正确答案应为: 中共八大二次会议
434,党的八届九中全会正式通过的对国民经济实行调整的方针是调整、充实、改革、提高。,,,,,,错,无,判断题,政治理论,正确答案应为: 调整、巩固、充实、提高
435,“文化大革命”是一场由领导者错误发动，被反革命集团利用，给党、国家和各族人民带来了严重灾难的内乱。,,,,,,对,无,判断题,政治理论,
436,林彪反革命集团阴谋夺取最高权力事件的发生，客观上宣告了“文革”理论和实践的失败。,,,,,,对,无,判断题,政治理论,
437,华国锋等推行“两个凡是”的错误方针，就是把毛泽东思想教条化。,,,,,,对,无,判断题,政治理论,
438,中国的第一个共产党组织是 1920 年由李大钊在北京组建的。,,,,,,错,无,判断题,政治理论,正确答案应为: 中国的第一个共产党组织是1920年8月由陈独秀在上海组建的
439,1920 年3 月在北京大学成立了马克思学说研究会，这是中国最早的学习和研究马克思主义的团体。,,,,,,对,无,判断题,政治理论,
440,中国共产党的第一个总书记是李大钊。,,,,,,错,无,判断题,政治理论,正确答案应为: 中国共产党的第一个总书记是陈独秀
441,早期工人运动中持续时间最长的一次罢工是香港海员工人大罢工。,,,,,,错,无,判断题,政治理论,正确答案应为: 早期工人运动中持续时间最长的一次罢工是省港大罢工
442,毛泽东在 1957 年 2 月最高国务会议上发表了《关于正确处理人民内部矛盾的问题》的讲话。,,,,,,对,无,判断题,政治理论,
443,“八大”通过的经济建设方针是“既反保守，又反冒进，在综合平衡中稳步前进。”,,,,,,对,无,判断题,政治理论,
444,关于实践是检验真理的唯一标准问题的讨论，是党的历史上自延安整风运动以来又一次马克思主义的教育运动和思想解放运动。,,,,,,对,无,判断题,政治理论,
445,“三反”运动的主要内容是反贪污、反受贿、反官僚主义。,,,,,,错,无,判断题,政治理论,正确答案应为: 反贪污、反浪费、反官僚主义
446,毛泽东在《如何研究中共党史》一文中指出，研究中共党史，应以中国为中心。,,,,,,对,无,判断题,政治理论,
447,国民革命时期北伐战争的主要对象是段祺瑞、吴佩孚、张作霖。,,,,,,错,无,判断题,政治理论,正确答案应为: 国民革命时期北伐战争的主要对象是吴佩孚、张作霖、孙传芳
448,1925 年 1 月，中国共产党第四次全国代表大会第一次提出无产阶级在民主革命中的领导权和工农联盟问题。,,,,,,对,无,判断题,政治理论,
449,秋收起义的主要领导人是：周恩来、贺龙、叶挺、朱德、刘伯承。,,,,,,错,无,判断题,政治理论,正确答案应为: 毛泽东、朱德、贺龙、刘伯承
450,中国共产党历史上曾经有两次工作重心转移，第一次工作重心转移是从城市转移乡村，明确作出这个决定的是八七会议。,,,,,,错,无,判断题,政治理论,正确答案应为: 有三次
451,毛泽东在《反对本本主义》中指出，没有调查，就没有发言权。,,,,,,对,无,判断题,政治理论,
452,抗日战争是中国人民第一次取得完全胜利的民族解放战争。,,,,,,对,无,判断题,政治理论,
453,毛泽东阐述中国共产党关于建立新中国的政治主张，为新中国的建立作了理论和政策准备的著作是《论联合政府》。,,,,,,错,无,判断题,政治理论,正确答案应为: 《论人民民主专政》
454,1949 年 4 月 23 日，南京解放，宣告了国民党反动统治的覆灭。,,,,,,对,无,判断题,政治理论,
455,中华人民共和国的建立实现了从新民主主义到社会主义社会的转变。,,,,,,错,无,判断题,政治理论,正确答案应为: 中华人民共和国的建立仅实现了从半殖民地半封建社会到新民主主义社会的
456,中国共产党第八次全国代表大会，正确分析了社会主义改造基本完成后国内主要矛盾的变化，确定把党的工作重点转向社会主义建设上来。,,,,,,对,无,判断题,政治理论,
457,党的思想路线是一切相信群众，一切依靠群众，从群众中来，到群众中去。,,,,,,错,无,判断题,政治理论,正确答案应为: 党的群众路线是一切为了群众、一切依靠群众，从群众中来，到群众中去
458,1922 年 1 月，香港海员大罢工是第一次工人运动高潮的起点。,,,,,,对,无,判断题,政治理论,
459,中国共产党第三次全国代表大会是 1923 年 6 月在广州召开的。,,,,,,对,无,判断题,政治理论,
460,五卅运动和省港大罢工，为北伐战争准备了群众基础。,,,,,,对,无,判断题,政治理论,
461,1926 年 5 月，国民革命军第七军一部和叶挺独立团作为先遣队，出兵湖南，揭开了北伐战争的序幕。,,,,,,对,无,判断题,政治理论,
462,1925 年 3 月 12 日，孙中山在南京逝世。,,,,,,错,无,判断题,政治理论,正确答案应为: 1925 年 3 月 12 日，孙中山在北京逝世
463,第一次大革命期间，陈独秀犯了右倾投降主义的错误，给革命造成了严重危害。,,,,,,对,无,判断题,政治理论,
464,农村包围城市理论的形成标志是《星星之火、可以燎原》这篇文章的发表。,,,,,,对,无,判断题,政治理论,
465,1935 年 12 月，党在瓦窑堡会议上确定了建立抗日民族统一战线的方针。,,,,,,对,无,判断题,政治理论,
466,在长征途中，与彝族首领小叶丹歃血为盟留下佳话的红军将领是朱德。,,,,,,错,无,判断题,政治理论,正确答案应为: 在长征途中，与彝族首领小叶丹歃血为盟留下佳话的红军将领是刘伯承
467,1936 年 10 月，红军三大主力在陕北吴起镇会师，红军长征胜利结束。,,,,,,错,无,判断题,政治理论,正确答案应为: 红军三大主力在甘肃会宁
468,抗日战争时期，新民主主义理论的提出和系统阐明，标志着毛泽东思想已得到多方面的展开而趋于成熟。,,,,,,对,无,判断题,政治理论,
469,党的七大修改的新党章最突出的特点是规定毛泽东思想为党的指导思想。,,,,,,对,无,判断题,政治理论,
470,中国共产党关于抗日民族统一战线的策略方针是“发展进步势力，团结中间势力，打击顽固势力”。,,,,,,错,无,判断题,政治理论,正确答案应为: “发展进步势力，争取中间势力，孤立顽固势力”
471,1947 年 7 月至 9 月，中共中央工作委员会在河北平山县西柏坡召开了全国土地会议，制定了《中国土地法大纲》。,,,,,,对,无,判断题,政治理论,
472,中国人民政治协商会议第一次全体会议召开的地点是北京。,,,,,,错,无,判断题,政治理论,正确答案应为: 中国人民政治协商会议第一次全体会议召开的地点是北平
473,党的十五大正式把邓小平理论载入党章。,,,,,,对,无,判断题,政治理论,
474,湘江战役是长征开始后中央红军最壮烈的战役。,,,,,,对,无,判断题,政治理论,
475,毛泽东思想活的灵魂的基本方面是实事求是、群众路线、独立自主。,,,,,,对,无,判断题,政治理论,
476,党的十一届三中全会后，农村生产合作社逐步在全国推广，中国农村改革的序幕由此揭开。,,,,,,错,无,判断题,政治理论,正确答案应为: 中国农村改革的序幕由家庭联产承包责任制揭开
477,家庭联产承包制给农村带来的变化主要是解放了农村生产力。,,,,,,对,无,判断题,政治理论,
478,中国共产党第十三次全国代表大会提出了社会主义初级阶段的理论。,,,,,,对,无,判断题,政治理论,
479,科学发展观的核心是以人为本。,,,,,,对,无,判断题,政治理论,
480,马克思主义是在十月革命以后开始传入中国的。,,,,,,错,无,判断题,政治理论,正确答案应为: 马克思主义的传入在十月革命之前
481,第一次国共合作的政治基础是孙中山的三民主义。,,,,,,错,无,判断题,政治理论,正确答案应为: 第一次国共合作的政治基础是孙中山的新三民主义
482,1932 年 1 月 28 日，日军发动对上海闸北区的进攻，史称“一二八事变”。,,,,,,对,无,判断题,政治理论,
483,瞿秋白在狱中写下《可爱的中国》等不朽篇章。,,,,,,错,无,判断题,政治理论,正确答案应为: 方志敏
484,1936 年，中国共产党领导的东北抗日武装相继改编为东北义勇军。,,,,,,错,无,判断题,政治理论,正确答案应为: 中国共产党领导的东北抗日武装并没有改编为东北义勇军，而是成立了东北抗日联军
485,取得平型关大捷的是林彪指挥的一一五师。,,,,,,对,无,判断题,政治理论,
486,1927 年 11 月，湘赣边界成立了第一个红色政权——茶陵县工农兵政府。,,,,,,对,无,判断题,政治理论,
487,秋收起义时，毛泽东领导的革命队伍称为工农革命军。,,,,,,对,无,判断题,政治理论,
488,第一次国内革命战争时期，广东海陆丰农民运动的开创者是澎湃。,,,,,,对,无,判断题,政治理论,
489,把马克思主义中国化的命题是中国共产党的第七次全国代表大会提出的。,,,,,,错,无,判断题,政治理论,正确答案应为: 六届六中全会《论新阶段的报告》
490,第一次国共合作正式形成的标志是中国共产党第三次全国代表大会。,,,,,,错,无,判断题,政治理论,正确答案应为: 国民党一大
491,中国人民政治协商会议第一次全体会议通过的《共同纲领》，具有根本大法的性质。,,,,,,错,无,判断题,政治理论,正确答案应为: 不是根本大法的性质，是临时宪法
492,1939 年 7 月 7 日，《中共中央为抗战两周年纪念对时局宣言》发表，提出坚持抗战、反对投降，坚持团结、反对分裂，坚持进步、反对倒退三大政治口号。,,,,,,对,无,判断题,政治理论,
493,1941 年 5 月 19 日，毛泽东作《整顿学风党风文风》报告。9 月至 10 月，中央政治局在延安召开扩大会议，党的高级干部开始学习和研究党的历史，总结党的历史经验，以求从政治路线上分清是非，达到基本一致的认识，为全党普遍整风作了准备。,,,,,,错,无,判断题,政治理论,正确答案应为: 《改造我们的学习》
494,1949 年 3 月 23 日，毛泽东率领中央机关离开西柏坡，向北平进发。毛泽东对周恩来说，今天是进京的日子，进京“赶考”去。我们决不当李自成，我们都希望考个好成绩。,,,,,,对,无,判断题,政治理论,
495,中国人民政治协商会议的举行，标志着一百多年来中国人民争取民族独立和人民解放运动取得了历史性的伟大胜利，标志着爱国统一战线和全国人民大团结在组织上完全形成，标志着中国共产党领导的多党合作和政治协商制度正式确立。,,,,,,对,无,判断题,政治理论,
496,1964 年 1 月 27 日，中国同法国建交。法国成为第一个与新中国正式建交的西方大国。,,,,,,对,无,判断题,政治理论,
497,1977 年 8 月 12 日-18 日，中国共产党第十一次全国代表大会举行。大会宣告“文化大革命”已经结束，并从根本上纠正“文化大革命”的错误。,,,,,,错,无,判断题,政治理论,正确答案应为: 十一大的表述仅停留宣告结束层面，并没有从根本上纠正“文化大革命”的错误
498,1978 年 10 月 22 日-29 日，邓小平访问日本。这是新中国成立后中国国家领导人首次访问日本。,,,,,,对,无,判断题,政治理论,
499,中共十二届三中全会通过《关于经济体制改革的决定》，规定以城市为重点的经济体制改革的任务、性质和各项方针政策；提出社会主义经济是公有制基础上的有计划的商品经济。,,,,,,对,无,判断题,政治理论,
500,1986 年 3 月 5 日，邓小平对王大珩、王淦昌、杨嘉墀、陈芳允四位科学家提出的关于跟踪研究外国高技术发展的建议作出批示。11 月 18 日，中共中央、国务院转发《高技术研究发展计划纲要》。这个计划因邓小平首次批示的时间为 1986 年 3 月，又称“八六三计划”。,,,,,,对,无,判断题,政治理论,
501,驻外机构或者临时出国（境）团（组）中的党员，脱离组织出走时间不满（	）又自动回归的，给予撤销党内职务或者留党察看处分；脱离组织出走时间超过（	）的，按照自行脱党处理，党内予以除名。,三个月；三个月,六个月；六个月,九个月；九个月,一年；一年,,B,无,单选题,政治理论,
502,对信仰宗教的党员，应当加强思想教育，要求其限期改正；经党组织帮助教育仍没有转变的，应当（ ）；劝而不退的，予以（ ）；参与利用宗教搞煽动活动的，给予开除党籍处分。,劝其退党；勒令退党,劝其退党；除名,勒令退党；除名,除名；开除党籍,,B,无,单选题,政治理论,
503,新修订的《中国共产党纪律处分条例》，于 2024年 1 月 1 日起施行，这是党的十八大以来，条例的第（	）次修订。,一,二,三,四,,C,无,单选题,政治理论,
504,党员被立案审查期间，擅自批准其出差、出国（境）、辞职，或者对其交流、提拔职务、晋升职级、进一步使用、奖励，或者办理退休手续，违反的是（ ）。,生活纪律,工作纪律,廉洁纪律,政治纪律,,B,无,单选题,政治理论,
505,党员有嫖娼或者吸食、注射毒品等丧失党员条件，严重败坏党的形象行为的，应当给予（	）处分。,严重警告,撤销党内职务,留党察看,开除党籍,,D,无,单选题,政治理论,
506,新修订的《中国共产党纪律处分条例》自（	）起施行。,2018 年 9 月 1 日,2023 年 10 月 1 日,2024 年 1 月 1 日,2020 年 12 月 1 日,,C,无,单选题,政治理论,
507,党员干部必须正确行使人民赋予的权力，清正廉洁，（	）任何滥用职权、谋求私利的行为。,反对,避免,应当反对,尽量避免,,A,无,单选题,政治理论,
508,不按照有关规定向组织请示、报告重大事项，对直接责任者和领导责任者，情节较重的，给予（	）处分。,警告,严重警告,警告或者严重警告,撤销党内职务或者留党察看,,C,无,单选题,政治理论,
509,《中国共产党纪律处分条例》所称主动交代，是指涉嫌违纪的党员在组织谈话函询、初步核实（ ）向有关组织交代自己的问题，或者在谈话函询、初步核实和立案审查（ ）交代组织未掌握的问题。,前；后,前；期间,期间；期间,前；前,,B,无,单选题,政治理论,
510,在重大原则问题上不同党中央保持一致且有实际言论、行为或者造成不良后果的，给予（ ）处分；情节较重的，给予（ ）处分；情节严重的，给予（ ）处分。,警告；严重警告；撤销党内职务,严重警告；撤销党内职务；留党察看,严重警告或者撤销党内职务；留党察看；开除党籍,警告或者严重警告；撤销党内职务或者留党察看；开除党籍,,D,无,单选题,政治理论,
511,党的各级代表大会的代表受到（	）以上处分的，党组织应当终止其代表资格。,警告,严重警告,撤销党内职务,留党察看,,D,无,单选题,政治理论,
512,违反接待管理规定，超标准、超范围接待或者借机大吃大喝，对直接责任者和领导责任者，情节严重的，给予（ ）处分。,留党察看,撤销党内职务,严重警告,警告,,B,无,单选题,政治理论,
513,利用宗族或者黑恶势力等欺压群众，或者纵容涉黑涉恶活动、为黑恶势力充当“保护伞”的，给予撤销党内职务或者留党察看处分；情节严重的，给予（	）处分。,警告或严重警告,开除党籍,留党察看,留党察看或开除党籍,,B,无,单选题,政治理论,
514,利用职权或者职务上的影响，违反有关规定占用公物归个人使用，时间超过（  ），情节较重的，给予警告或者严重警告处分；情节严重的，给予撤销党内职务处分。,一个月,三个月,六个月,一年,,C,无,单选题,政治理论,
515,违反有关规定干预和插手司法活动、执纪执法活动，向有关地方或者部门打听案情、打招呼、说情，或者以其他方式对司法活动、执纪执法活动施加影响，情节严重的，给予（   	）处分。,撤销党内职务或者留党察,留党察看,严重警告或者撤销党内职务,开除党籍,,D,无,单选题,政治理论,
516,党和国家机关违反有关规定经商办企业的，对（     	），给予警告或者严重警告处分；情节严重的，给予撤销党内职务处分。,领导责任者和管理责任者,领导责任者和重要责任者,直接责任者和重要责任者,直接责任者和领导责任者,,D,无,单选题,政治理论,
517,对于受到（	）处理的党组织中的党员，应当逐个审查。,解散,改组,通报批评,责令作出书面检查,,A,无,单选题,政治理论,
518,党员领导干部对违反政治纪律和政治规矩等错误思想和行为不报告、不抵制、不斗争，放任不管，搞无原则一团和气，造成不良影响的，给予（   ）；情节严重的，给予撤销党内职务或者留党察看处分。,警告或者严重警告处分,撤销党内职务处分,留党察看处分,开除党籍处分,,A,无,单选题,政治理论,
519,党员领导干部违反工作、生活保障制度，在交通、医疗、警卫等方面为本人、配偶、子女及其配偶等亲属、身边工作人员和其他特定关系人谋求特殊待遇，属于违反,,,,,,D,无,单选题,政治理论,
520,《中国共产党纪律处分条例》适用于（	）。,中国共产党各级党组织和全体党员,违反的党纪的党组织和党员,违反纪律应当受到责任追究的党组织和党员,违犯党纪应当受到党纪责任追究的党组织和党员,,D,无,单选题,政治理论,
521,接受、提供可能影响公正执行公务的宴请或者旅游、健身、娱乐等活动安排，情节严重的，给予（ ）处分。,警告,严重警告,撤销党内职务或者留党察看,开除党籍,,C,无,单选题,政治理论,
522,在信访工作中，不履行或者不正确履行职责，导致信访事项发生，造成不良影响或者严重后果的，情节严重的，对直接责任者和领导责任者（ ）。,,给予开除党籍处分,给予留党察看处分,给予严重警告处分,,B,无,单选题,政治理论,
523,党员领导干部不重视家风建设，对配偶、子女及其配偶失管失教，造成不良影响或者严重后果的，给予警告或者严重警告处分；情节严重的，给予（ ）处分。,警告,严重警告,撤销党内职务,留党察看,,C,无,单选题,政治理论,
524,干扰巡视巡察工作或者不落实巡视巡察整改要求，对直接责任者和领导责任者，情节较重的，给予（  	）处分。,警告或者严重警告,撤销党内职务,撤销党内职务或者留党察看,留党察看或者开除党籍,,C,无,单选题,政治理论,
525,收受可能影响公正执行公务的礼品、礼金、消费卡（券）和（  	）等财物，情节较轻的，给予警告或者严重警告处分。,有价证券、股权、其他金融产品,汽车、房产,电脑、汽车、房产,有价证券、债券、其他金融产品,,A,无,单选题,政治理论,
526,根据新修订的《中国共产党纪律处分条例》规定，处理违犯党纪的党组织和党员，应当实行（	）相结合，做到宽严相济。,严查与宽容,教育与处罚,惩戒与教育,惩戒与宣传,,C,无,单选题,政治理论,
527,党纪处分决定作出后，对于受到（ ）以上处分的，还应当在一个月内办理职务、工资、工作及其他有关待遇等相应变更手续。,警告,严重警告,撤销党内职务,留党察看,,C,无,单选题,政治理论,
528,有些党员干部在家庭生活中不关心爱护子女，不关爱尊重配偶，不尊敬孝顺老人，不尽家庭成员义务，在外却彬彬有礼，道貌岸然。按照新修订《中国共产党纪律处分条例》相关规定，此类行为违反了（ ）。,生活纪律,工作纪律,政治纪律,群众纪律,,A,无,单选题,政治理论,
529,违反会议活动管理规定，到禁止召开会议的风景名胜区开会，对直接责任者和领导责任者，情节较重的，给予（   ）处分。,警告或者严重警告,警告,严重警告,撤销党内职务,,A,无,单选题,政治理论,
530,党员干部贺某违反有关规定用公款购买赠送礼 品，依据《中国共产党纪律处分条例》，贺某违反了党的（	  ）。,组织纪律,廉洁纪律,工作纪律,生活纪律,,B,无,单选题,政治理论,
531,搞投机钻营，结交政治骗子或者被政治骗子利用的，给予	；情节严重的，给予	。（  	）,警告或者严重警告处分；撤销党内职务或留党察看处分,严重警告或者撤销党内职务处分；留党察看或者开除党籍处分,警告或者严重警告处分；留党察看或者开除党籍处分,撤销党内职务处分；开除党籍处分,,B,无,单选题,政治理论,
532,党员领导干部在本人主政的地方或者分管的部门自行其是，搞山头主义，拒不执行党中央确定的大政方针，甚至背着党中央另搞一套的，给予（  	）处分。,撤销党内职务、留党察看或者开除党籍,撤销党内职务、留党察看,留党察看,开除党籍,,A,无,单选题,政治理论,
533,"王某担任紫云县四大寨乡党委书记期间，未经论证，盲目要求乡政府入股企业养殖龙虾项目；未经集体研判和选址审批，盲目安排申报鲈鱼养殖项目；明知该乡另一龙虾养殖项目虾苗大量死亡，且分管领导已提出终止项目，仍要求继续投入资金。按照新修订《中国共产党纪律处分条例》相关规定,王某的行为违反了（ ）",组织纪律,工作纪律,政治纪律,群众纪律,,B,无,单选题,政治理论,
534,某领导干部（中共党员）将其所辖的汽车城当成 “家族产业”，利用职权大肆为亲属经营活动打招呼、批项目，非法牟取巨额利益。按照新修订《中国共产党纪律处分条例》相关规定，其行为违反了（ ）。,组织纪律,工作纪律,政治纪律,廉洁纪律,,D,无,单选题,政治理论,
535,"02 万元。按照新修订《中国共产党纪律处分条例》相关规定,谢某的行为违反了（      ）。（本题目有问题，没有案例详情）",群众纪律,工作纪律,政治纪律,组织纪律,,A,无,单选题,政治理论,
536,某镇基建办副主任林某等 18 名党员干部应某房地产公司邀请，参加其举办的新春联欢晚会。林某等 7 名党员干部凭现场领取的兑奖券，分别兑换现金“红包”2000 元至 5000 元不等。按照新修订《中国共产党纪律处分条例》相关规定，林某的行为违反了（      ）。,组织纪律,工作纪律,政治纪律,廉洁纪律,,D,无,单选题,政治理论,
537,"某市领导干部李某急功近利，为全市项目观摩考核设定不切实际的目标，导致一些县区脱离实际花巨资“堆盆景”，甚至弄虚作假造项目。按照新修订《中国共产党纪律处分条例》相关规定,李某的行为违反了（   ）。",组织纪律,政治纪律,工作纪律,群众纪律,,C,无,单选题,政治理论,
538,（	     ）是最根本的党内法规，是管党治党的总规矩。,宪法,纪律处分条例,廉洁自律准则,党章,,D,无,单选题,政治理论,
539,"（     ）关系民心这个最大的政治,是一场输不起也决不能输的重大政治斗争。",脱贫攻坚战,反腐败斗争,污染防治攻坚战,共同富裕,,B,无,单选题,政治理论,
540,（     	）是我国社会主义法治之魂，是我国法治同西方资本主义国家法治最大的区别。,依法治国,为人民服务,人民当家作主,党的领导,,D,无,单选题,政治理论,
541,《习近平关于党风廉政建设和反腐败斗争论述摘编》指出，教育实践活动有期限，但贯彻群众路线没有休止符，作风建设（      ）。,立足当前,永远在路上,一劳永逸,无止尽,,B,无,单选题,政治理论,
542,《中国共产党党内监督条例》规定，党内监督的重要方式是（      ）。,巡查,检举,巡视,以上都不对,,C,无,单选题,政治理论,
543,《中国共产党支部工作条例（试行）》指出，党支部是党的基础组织，是党组织开展工作的基本（      ），是党在社会基层组织中的（      ），是党的全部工作和战斗力的基础。,单元，战斗堡垒,结构，中流砥柱,条件，中流砥柱,前提，战斗堡垒,,A,无,单选题,政治理论,
544,党的（	）抓得不实，在重大原则问题上未能同党中央保持一致的，应当予以问责。,组织建设,思想建设,作风建设,政治建设,,D,无,单选题,政治理论,
545,党的各级纪律检查委员会是党内（ ）专责机关。,监督,检查,监察,检察,,A,无,单选题,政治理论,
546,坚持（      ），执纪必严、违纪必究，抓早抓小、防微杜渐，按照错误性质和情节轻重，给以批评教育、责令检查、诫勉直至纪律处分。,惩前毖后，治病救人,批评从严，处理从宽,批评与自我批评相结合,客观公正、实事求是,,A,无,单选题,政治理论,
547,加强和规范党内政治生活，必须以（	）为根本遵循。,党章,法律,党内监督条例,宪法,,A,无,单选题,政治理论,
548,加强和规范党内政治生活的重要任务是（	）。,为全党统一意志、统一行动提供保障,全心全意为人民服务,建设廉洁政治，坚决反对腐败,全面建成小康社会,,C,无,单选题,政治理论,
549,坚持从严管党治党，要把（      ）贯穿于管党治党全过程和各方面。,严的要求、严的标准,严的要求、严的措施,严的标准、严的方法,严的标准、严的措施,,D,无,单选题,政治理论,
550,开展重大事项请示报告工作应当树牢“四个意 识”，落实“四个服从”，把请示报告作为重要政治纪律和政治规矩，把讲政治要求贯彻到请示报告工作全过程和各方面。属于以下哪项原则（   	）。,坚持政治导向,坚持权责明晰,坚持客观真实,坚持规范有序,,A,无,单选题,政治理论,
551,要发展和用好党务公开新形式，不断拓展（	）参与党务公开的广度和深度。,党员,党员和群众,党员和干部,全体群众,,B,无,单选题,政治理论,
552,以下不属于党的问责工作应当坚持的原则的是（	）。,依规依纪、实事求是,失责必问、问责必严,执法必严、违法必究,权责一致、错责相当,,C,无,单选题,政治理论,
553,中国共产党党员永远是劳动人民的普通一员。除了法律和政策规定范围内的个人利益和工作职权以外，所有共产党员都不得谋求任何（ ）。,私利和特权,政治权力,经济利益,物质享受,,A,无,单选题,政治理论,
554,《中国共产党巡视工作条例》规定，巡视组应当按照（	）原则研究讨论决定重大事项。,民主集中制,组长负责制,请示上级,民主讨论,,A,无,单选题,政治理论,
555,根据《中国共产党巡视工作条例》规定，下列不属于中央巡视对象的是：（	）,省、自治区、直辖市党委及其领导班子,中央部委领导班子,中央国家机关部门、人民团体党组（党委）,省、自治区、直辖市党委要求巡视的其他党组织,,D,无,单选题,政治理论,
556,根据《中国共产党巡视工作条例》规定，下列不属于省、自治区、直辖市党委巡视对象是：（	）,市（地、州、盟）、县（市、区、旗）党委及其领导班子,省、自治区、直辖市党委工作部门领导班子,党中央要求巡视的其他党组织,省一级国家机关部门、人民团体党组（党委）,,C,无,单选题,政治理论,
557,《中国共产党巡视工作条例》规定，巡视工作应当加强对被巡视党组织（	）的监督，重点检查其对党忠诚、履行全面从严治党第一责任人责任、依规依法履职用权、担当作为、廉洁自律等情况，对反映的重要问题进行深入了解，形成专题材料。,党政领导,主要负责人,所有党员,支部委员,,B,无,单选题,政治理论,
558,某法院副院长李某（中共党员）为当地一公司在该院的民事案件向主审法官说情打招呼，按照新修订《中国共产党纪律处分条例》相关规定，李某的行为违反了（	）。,工作纪律,组织纪律,政治纪律,群众纪律,,A,无,单选题,政治理论,
559,中共党员、某镇民政所所长马某某，在发放救灾物资时，给其弟弟多发五袋大米和三桶油。请问马某某的行为属于违反群众纪律中的哪种情形？（ ）,弄虚作假，损害群众利益,克扣群众财物,优亲厚友,拖欠群众钱款,,C,无,单选题,政治理论,
560,下列哪个行为是违反民主集中制原则的行为？（ ）,在民主推荐、民主测评、组织考察和党内选举中搞拉票、助选等非组织活动,违反个人有关事项报告规定，隐瞒不报的,借集体决策名义集体违规,脱离实际，不作深入调查研究，搞随意决策、机械执行,,C,无,单选题,政治理论,
561,违反有关规定从事营利活动，有下列行为之一，情节较轻的，给予警告或者严重警告处分；情节较重的，给予撤销党内职务或者留党察看处分；情节严重的，给予开除党籍处分。（	）,①②③④,①②③④⑤,①②④⑤⑥,①②③④⑤⑥,,D,无,单选题,政治理论,
562,违反办公用房管理等规定，有下列行为之一，对直接责任者和领导责任者，情节较重的，给予警告或者严重警告处分；情节严重的，给予撤销党内职务处分。（ ）,①②③,①②,①③,②③,,A,无,单选题,政治理论,
563,某地区供销社工作人员薄某（中共党员），奉行“人生得意须尽欢”的人生哲学。薄某在检讨材料中写道：“随着职务的升迁，经常洽谈几千万甚至几个亿的项目，出 入的是装潢考究的高档场所，宴席上摆的是珍馐佳肴和名贵烟酒，渐渐地，自己不仅身体醉倒在觥筹交错的酒桌上，思想也慢慢迷失在酒绿灯红的花花世界里。”按照新修订《中国共产党纪律处分条例》相关规定，薄某的行为违反了（	）。,生活纪律,工作纪律,政治纪律,群众纪律,,A,无,单选题,政治理论,
564,王某，中共党员，B市市长。2015年至2021年，王某之子王小某（无业）长期沉迷享乐，多次参与嫖娼、赌博、吸毒等违法行为，造成严重不良影响。但直至案发，王某对其子的行为始终不知情。按照新修订《中国共产党纪律处分条例》相关规定，王某的行为违反了（ ）。,生活纪律,工作纪律,政治纪律,群众纪律,,A,无,单选题,政治理论,
565,2013年12月，某县原国土局工作人员（中共党员）在农村宅基地使用权和集体建设用地使用权确权登记发证工作中，未及时发现并采取有效措施督促项目实施企业将收回的宅基证退还群众，甚至在收到群众咨询后，仍未及时整改到位，造成不良社会影响。相关人员（中共党员）不作为、慢作为，按照新修订《中国共产党纪律处分条例》相关规定，上述行为违反了（ ）。,组织纪律,群众纪律,政治纪律,工作纪律,,B,无,单选题,政治理论,
566,中国光大集团原党委书记、董事长李某违规借用管理和服务对象钱款、持有非上市公司股份，利用职权为亲属经营活动谋利，按照新修订《中国共产党纪律处分条例》相关规定，李某的行为违反了（ ）。,政治纪律,组织纪律,廉洁纪律,工作纪律,,C,无,单选题,政治理论,
567,某地领导干部焦某违背新发展理念，干扰碳达峰碳中和战略目标实施，按照新修订《中国共产党纪律处分条例》相关规定，其行为违反了（ ）。,政治纪律,工作纪律,组织纪律,群众纪律,,A,无,单选题,政治理论,
568,有的违纪人员在案发后，利用手中权力负隅顽抗，要求下属或者单位财务等人对外保守秘密或者对外统一不 实口径。按照新修订《中国共产党纪律处分条例》相关规定，若下属或者单位财务等人（中共党员）拒绝作证或者故意提供虚假情况，这些行为违反了（	）。,组织纪律,工作纪律,政治纪律,群众纪律,,A,无,单选题,政治理论,
569,"郑某，中共党员，H市司法局党组书记、局长。2017年2月某日，H市郊区发生交通事故，肖某被撞成重伤。郑某乘坐公务用车经过事故现场。因急救车辆一小时后方能到达，现场群众拦住郑某的公务用车，请求郑某将肖某带至H市急救中心进行抢救。郑某以公务在身为由没有答应并乘车离开了事故现场。后肖某由于抢救不及时，于当日下午死亡。此事被当地媒体报道，引起社会关注。经调查，郑某当时系赴H市监狱考察返回途中，并无紧急公务在身。按照新修订《中国共产党纪律处分条例》相关规定,郑某的行为违反了（ ）。",组织纪律,工作纪律,政治纪律,群众纪律,,D,无,单选题,政治理论,
570,"一些地方为达到精文简报的要求，压缩了有文号 的来文，却以电话通知单、口头指示、“便签”等无文号的 形式部署任务，基层实际收文总量不降反增。有的为满足“减文”指标，采取降格发文，如本应以上级部门的名义下发的文件，因发文指标不足，改为几个平级部门联合发文，换汤不换药。还有的因带密级的文件不纳入统计，便把没有什么机密的文件定性为涉密文件下发，造成减少发文数量的假象。按照新修订《中国共产党纪律处分条例》相关规定,此类行为违反了（  ）。",组织纪律,工作纪律,政治纪律,群众纪律,,B,无,单选题,政治理论,
571,某银行行长（中共党员）对党中央关于金融领域重大决策部署阳奉阴违，只表态不落实，依据新修订《中国共产党纪律处分条例》相关规定，该行长的行为违反了（ ）。A.政治纪律,政治纪律,工作纪律,组织纪律,群众纪律,,A,无,单选题,政治理论,
572,某小学教师王某申报中小学教师高级职称时，提供的语文课教学经历与实际不符；该小学推荐王某申报职称时，审核未能发现上述问题，且未按规定程序开展民主测评工作。按照新修订《中国共产党纪律处分条例》相关规定，相关人员的行为违反（ ）。,组织纪律,政治纪律,工作纪律,群众纪律,,A,无,单选题,政治理论,
573,中共党员，广州市西汉南越王博物馆馆长吴某未遵守广州市文化广电新闻出版局外出请示报告制度，没有提前书面请假或向分管局领导口头请假，私自赴石家庄邢台商谈邢台文物赴广州展览事宜、赴河北磁县参加学术研讨会和赴武汉探亲，造成不良社会影响。按照新修订《中国共产党纪律处分条例》相关规定，吴某的行为违反了（ ）。,组织纪律,工作纪律,政治纪律,廉洁纪律,,A,无,单选题,政治理论,
574,某县委原书记谭某为打造所谓县城建设新亮点，脱离实际，不顾财力，在县政府建议暂缓、部分县委班子成员反对的情况下，强行决定修建历史文化墙项目，将县城主干道上使用不久的路灯换成单价较高的“橘灯”，总耗资上亿元。按照新修订《中国共产党纪律处分条例》相关规定，谭某的行为违反了（ ）。,组织纪律,工作纪律,政治纪律,群众纪律,,C,无,单选题,政治理论,
575,某单位在近三年的中秋、春节等传统节假日到来之际，违反有关规定，滥发奖金和福利，情节较重，对该单位的直接责任者和领导责任者，应给予	处分。（	）,警告,严重警告,撤销党内职务或者留党察看,开除党籍,,C,无,单选题,政治理论,
576,某领导干部王某常常把“守纪律讲规矩”挂在嘴上，可他内心却视党纪如无物，私底下疯狂敛财，对中央八项规定精神置若罔闻，甚至在中央党校学习期间，到会所吃喝玩乐。按照新修订《中国共产党纪律处分条例》相关规定，王某的行为违反了（	）。,组织纪律,政治纪律,工作纪律,群众纪律,,B,无,单选题,政治理论,
577,某市市委书记陈某为了早出政绩、快出显绩，耗资2亿打造形象工程，大多数项目长期荒废闲置，维护成本高昂。按照新修订《中国共产党纪律处分条例》相关规定，陈某的行为违反了    。（  ）,组织纪律,政治纪律,工作纪律,群众纪律,,B,无,单选题,政治理论,
578,当接待对象数量超过10人时，陪餐人数不得超过接待对象的（ ）。,二分之一,三分之一,四分之一,五分之一,,B,无,单选题,政治理论,
579,“中央八项规定”是在哪次会议上提出的？（	）,十八届中央政治局第一次会议,十八届中央纪委二次全会,2012年12月4日，中共中央政治局会议,党的十八大,,C,无,单选题,政治理论,
580,中央八项规定要求，要改进调查研究，到基层调研要深入了解真实情况，总结经验、研究问题、（ ）、指导工作。,解决困难,发现问题,听取意见,实地考察,,A,无,单选题,政治理论,
581,中央八项规定要求，切实改进文风，没有实质内容、可发可不发的文件、简报（	）。,少发,一律不发,精简后发,视情况而定,,B,无,单选题,政治理论,
582,厉行勤俭节约，严格遵守廉洁从政有关规定，严格执行住房、车辆配备等有关工作和（	）规定。,津贴补贴,福利,生活待遇,奖金,,C,无,单选题,政治理论,
583,某领导到基层调研，提前要求基层单位安排好调研路线和汇报内容，这种做法违背了中央八项规定中（	）。,改进调查研究,精简会议活动,规范出访活动,改进新闻报道,,A,无,单选题,政治理论,
584,某领导出行时，安排大量警力进行交通管制，影响群众正常出行，这违反了中央八项规定中（ ）。,规范出访活动,改进新闻报道,精简会议活动,改进警卫工作,,D,无,单选题,政治理论,
585,中央八项规定强调要轻车简从、减少陪同、简化接待，不张贴悬挂标语横幅，不安排群众迎送，不铺设迎宾地毯，不摆放花草，不安排宴请，体现的是（ ）方面要求。,改进调查研究,精简会议活动,厉行勤俭节约,改进警卫工作,,A,无,单选题,政治理论,
586,以下关于中央八项规定的意义，说法错误的是（	）。,加强了党的作风建设,密切了党同人民群众的血肉联系,只是为了约束党员干部的行为,彰显了党从严治党的决心,,C,无,单选题,政治理论,
587,中央八项规定实施后，对于违规行为的处理方式不包括（	）。,批评教育,组织处理,党纪政纪处分,表彰奖励,,D,无,单选题,政治理论,
588,某领导干部在新闻报道中过度突出个人形象，夸大工作成绩，这违反了中央八项规定中（ ）。,改进新闻报道,改进调查研究,严格文稿发表,厉行勤俭节约,,A,无,单选题,政治理论,
589,中央八项规定的核心是（	）。,提升政府形象,节约财政开支,规范领导干部行为,加强作风建设，密切联系群众,,D,无,单选题,政治理论,
590,为领导超标准购置豪华轿车，这违反了中央八项规定中（ ）。,厉行勤俭节约,改进调查研究,精简会议活动,规范出访活动,,A,无,单选题,政治理论,
591,为了落实中央八项规定精神，各级纪检监察机关应（	）。,参与具体业务工作,加强监督检查,只对领导干部进行监督,定期开展文艺活动,,B,无,单选题,政治理论,
592,中央八项规定要求，切实改进文风，文件、简报要（	）。,内容简洁、意尽文止,长篇大论、面面俱到,辞藻华丽、注重形式,随意编写、无统一格式,,A,无,单选题,政治理论,
593,2014年5月9日，习近平在参加河南省兰考县委常委班子党的群众路线教育实践活动专题民主生活会时强调，作风建设和（  ）息息相关。许多问题，看起来是风气问题，往深处剖析又往往是体制机制问题。,监督力度,法规制度,全面深化改革,监督执纪,,C,无,单选题,政治理论,
594,2014 年 1 月 14 日，习近平在十八届中央纪委三次全会上强调，各级纪委要履行好（ ），既协助党委加强党风建设和组织协调反腐败工作，又督促检查相关部门落实惩治和预防腐败工作任务，经常进行检查监督，严肃查处腐败问题。,主体责任,组织责任,监督责任,“一岗双责”,,C,无,单选题,政治理论,
595,2020年1月8日，习近平在“不忘初心、牢记使命”主题教育总结大会上指出，（ ）提出建立不忘初心、牢记使命的制度。建章立制，要坚持系统思维、辩证思维、底线思维，体现指导性、针对性、操作性。,党的十九届三中全会,党的十九届四中全会,党的十九届五中全会,党的十九届六中全会,,B,无,单选题,政治理论,
596,防止作风问题复发和反弹，必须标本兼治，出现问题就兵来将挡、水来土掩，有多少解决多少，同时要着眼于强健体魄、增加抵抗力，加强（ ），提高党员、干部坚持优良作风、抵制不良作风的自觉性和坚定性。,党纪教育,党章党规教育,党章党规党纪教育,党性教育,,D,无,单选题,政治理论,
597,《中国共产党纪律处分条例》中所称领导责任者，包括（	）。,主要领导责任,直接领导责任,主要领导责任和重要领导责任,直接领导责任和重要领导责任,,C,无,单选题,政治理论,
598,以下哪项不属于中央八项规定内容？（ ）,改进调查研究,精简会议活动,加强公车管理,规范出访活动,,C,无,单选题,政治理论,
599,严格文稿发表，除中央统一安排外，个人不公开出版著作、讲话单行本，不发贺信、贺电，不题词、（	）。,作序,题字,写文章,发表评论,,B,无,单选题,政治理论,
600,某领导出国访问期间，超标准安排住宿和宴请，这违反了中央八项规定中（ ）。,规范出访活动,改进警卫工作,严格文稿发表,精简会议活动,,A,无,单选题,政治理论,
601,以下不属于对党员的纪律处分种类的是（	）。,严重警告,降级,留党察看,开除党籍,,B,无,单选题,政治理论,
602,擅自对应当由党中央决定的重大政策问题作出决定、对外发表主张的，对	，给予严重警告或者撤销党内职务处分；情节严重的，给予留党察看或者开除党籍处分。（ ）,主要领导者,直接责任者,间接责任者,领导责任者,,BD,无,多选题,政治理论,
603,有下列哪些行为，情节严重的，需对直接责任者和领导责任者给予开除党籍处分。（ ）,改变公务行程，借机旅游,以学习培训考察调研等为名变相公款旅游,参加下属单位组织的考察活动,以招商参展等名义变相用公款出国（境）旅游,,ABD,无,多选题,政治理论,
604,新修订的《中国共产党纪律处分条例》在廉洁纪律部分，新增规定，党员干部存在以	等名义变相送礼的，情节较重的，给予警告或者严重警告处分；情节严重的，给予撤销党内职务或者留党察看处分。（		）,讲课费,课题费,咨询费,手续费,,ABC,无,多选题,政治理论,
605,有下列行为之一，造成严重损害或者严重不良影响的，对直接责任者和领导责任者，给予警告或者严重警告处分；情节较重的，给予撤销党内职务或者留党察看处分；情节严重的，给予开除党籍处分。（ ）,在督查检查考核等工作中搞层层加码、过度留痕，增加基层工作负担,单纯以会议贯彻会议、以文件落实文件，在实际工作中不见诸行动,脱离实际，不作深入调查研究，搞随意决策、机械执行,违反精文减会有关规定搞文山会海,,ABCD,无,多选题,政治理论,
606,有下列行为之一，情节较重的，给予警告或者严重警告处分。（	）,违反个人有关事项报告规定，隐瞒不报,在组织进行谈话函询时，不如实向组织说明问题,不按要求报告或者不如实报告个人去向,不主动填报个人档案资料,,ABC,无,多选题,政治理论,
607,组织、参加旨在反对党的领导、反对社会主义制度或者敌视政府等组织的，对	    、	    和	    ，给予开除党籍处分。（ ）,策划者,组织者,不明真相被裹挟参加者,骨干分子,,ABD,无,多选题,政治理论,
608,组织迷信活动的，给予（	）或者（	）处分；情节严重的，给予（	）处分。,警告或者严重警告,撤销党内职务,留党察看,开除党籍,,BCD,无,多选题,政治理论,
609,贯彻党中央决策部署只表态不落实，或者落实党中央决策部署不坚决，（ ），在政治上造成不良影响或者严重后果的，给予警告或者严重警告处分。,乱作为,打折扣,搞变通,缺思考,,BC,无,多选题,政治理论,
610,按照新修订《中国共产党纪律处分条例》有关规定，党组织和党员必须坚守初心使命，牢固树立政治意识、大局意识、核心意识、看齐意识，始终坚定（ ）。,道路自信,理论自信,制度自信,文化自信,,ABCD,无,多选题,政治理论,
611,党员被依法留置、逮捕的，党组织应当按照管理权限中止其表决权、选举权和被选举权等党员权利。根据（	）处理结果，可以恢复其党员权利的，应当及时予以恢复。,审判机关,司法机关,监察机关,检察机关,,BC,无,多选题,政治理论,
612,党员犯罪情节轻微，人民检察院依法作出不起诉 决定的，或者人民法院依法作出有罪判决并免予刑事处罚的，应当给予哪些处分？（	）,留党察看,撤销党内职务,开除党籍,严重警告,,ABC,无,多选题,政治理论,
613,根据《中国共产党纪律处分条例》规定，深化运用监督执纪“四种形态”，经常开展批评和自我批评，及时进行（ ），让“红红脸、出出汗”成为常态。,谈话提醒,批评教育,责令检查,诫勉,,ABCD,无,多选题,政治理论,
614,对于受到解散处理的党组织中的党员，应当逐个审查。其中，不符合党员条件的，应当对其进行（ ），经教育仍无转变的，予以劝退或者除名。,批评,教育,限期改正,警告,,BC,无,多选题,政治理论,
615,对抗组织审查，有下列行为之一的，给予警告或者严重警告处分；情节较重的，给予撤销党内职务或者留党察看处分；情节严重的，给予开除党籍处分。（	）,串供或者伪造、销毁、转移、隐匿证据,阻止他人揭发检举、提供证据材料,向组织提供虚假情况，掩盖事实,包庇同案人员,,ABCD,无,多选题,政治理论,
616,不按照规定公开（ ）等，侵犯群众知情权，对直接责任者和领导责任者，情节较重的，给予警告或者严重警告处分；情节严重的，给予撤销党内职务或者留党察看处分。,党务,政务,厂务,村（居）务,,ABCD,无,多选题,政治理论,
617,党员犯罪，有下列情形之一的，应当给予开除党籍处分。（	）,依法受到政务处分的,因过失犯罪，被依法判处三年以上（不含三年）有期徒刑,因故意犯罪被依法判处刑法规定的主刑（含宣告缓刑）,被单处或者附加剥夺政治权利,,BCD,无,多选题,政治理论,
618,违反党章和其他党内法规的规定，采取弄虚作假或者其他手段把不符合党员条件的人发展为党员，或者为非党员出具党员身份证明的，对直接责任者和领导责任者，,给予警告或者严重警告处分,给予严重警告或者撤销党内职务处分,情节严重的，给予撤销党内职务处分,情节严重的，给予留党察看处分,,AC,无,多选题,政治理论,
619,违背社会公序良俗可能会受到哪种情形的处分。（  ）,警告或严重警告处分,撤销党内职务或留党察看处分,不受党纪处分,开除党籍处分,,ABD,无,多选题,政治理论,
620,按照新修订《中国共产党纪律处分条例》，有下列行为之一的，对直接责任者和领导责任者，给予警告或者严重警告处分；情节较重的，给予撤销党内职务或者留党察看处分；情节严重的，给予开除党籍处分。（ ）,对批评、检举、控告进行阻挠、压制，或者将批评、检举、控告材料私自扣压、销毁，或者故意将其泄露给他人,对党员的申辩、辩护、作证等进行压制，造成不良后果,压制党员申诉，造成不良后果，或者不按照有关规定处理党员申诉,其他侵犯党员权利行为，造成不良后果,,ABCD,无,多选题,政治理论,
621,滥用问责，或者在问责工作中严重不负责任，造成不良影响的，对（ ）给予警告或者严重警告处分；情节严重的，给予撤销党内职务处分。,直接责任者,领导责任者,主要领导责任者,间接责任者,,AB,无,多选题,政治理论,
622,违反有关规定从事营利活动，有下列行为之一，情节较轻的，给予警告或者严重警告处分；情节较重的，给予撤销党内职务或者留党察看处分；情节严重的，给予开除党籍处分。（	）,拥有非上市公司（企业）的股份或者证券,买卖股票或者进行其他证券投资,利用参与企业重组改制工作中掌握的信息买卖股票,在国（境）外注册公司或者投资入股,,ABCD,无,多选题,政治理论,
623,根据《中国共产党纪律处分条例》，在推进领导干部能上能下工作中，搞好人主义，有下列行为之一的，对直接责任者和领导责任者，情节较重的，给予警告或者严重警告处分；情节严重的，给予撤销党内职务或者留党察看处分。（ ）,在民主生活会上对人对己只讲优点不讲缺点,以党纪政务等处分规避组织调整,以组织调整代替党纪政务等处分,没有及时对违反党纪但情节不严重的党员干部进行批评教育,,BC,无,多选题,政治理论,
624,违反民主集中制原则，有下列行为之一的，给予警告或者严重警告处分；情节严重的，给予撤销党内职务或,拒不执行或者擅自改变党组织作出的重大决定,脱离实际，不作深入调查研究，搞随意决策机械执行,故意规避集体决策，决定重大事项、重要干部任免、重要项目安排和大额资金使用,借集体决策名义集体违规,,ACD,无,多选题,政治理论,
625,对党员的纪律处分种类包括警告和（	）。,严重警告,撤销党内职务,留党察看,开除党籍,,ABCD,无,多选题,政治理论,
626,党员领导干部政绩观错位，违背新发展理念、背离高质量发展要求，给党、国家和人民利益造成较大损失的，给予警告或者严重警告处分；情节较重的，给予撤销党内职务或者留党察看处分；情节严重的，给予开除党籍处分。搞劳民伤财的（	）的，从重或者加重处分。,形象工程,政绩工程,面子工程,景观亮化工程,,AB,无,多选题,政治理论,
627,在（	）等事项中优亲厚友、明显有失公平的，给予警告或者严重警告处分；情节较重的，给予撤销党内职务或者留党察看处分；情节严重的，给予开除党籍处分。,社会保障,社会救助,政策扶持,救灾救济款物分配,,ABCD,无,多选题,政治理论,
628,留党察看处分，分为留党察看（	   ）、留党察看（	  ）。,半年,一年,二年,三年,,BC,无,多选题,政治理论,
629,违反相关管理规定，有以下哪些行为，情节较重的，对直接责任者和领导责任者，给予警告或者严重警告处分。（ ）,决定或者批准举办各类节会、庆典活动,擅自举办评比达标表彰、创建示范活动,决定或者批准兴建培训中心,未经批准租用、借用办公用房,,ABCD,无,多选题,政治理论,
630,党员领导干部违反工作、生活保障制度，在交通、医疗、警卫等方面为（	）和其他特定关系人谋求特殊待遇，情节较重的，给予警告或者严重警告处分。,本人,配偶,子女及其配偶等亲属,身边工作人员,,ABCD,无,多选题,政治理论,
631,在机构编制工作中，有下列行为之一，造成不良影响或者严重后果的，对直接责任者和领导责任者，给予警告或者严重警告处分；情节较重的，给予撤销党内职务或者留党察看处分；情节严重的，给予开除党籍处分。（	）,擅自超出“三定”规定范围调整职责、设置机构、核定领导职数和配备人员,违规干预地方机构设置,其他违反机构编制管理规定行为,违反精文减会有关规定搞文山会海,,ABC,无,多选题,政治理论,
632,党组织在纪律审查中发现党员有下列（ ）等违反法律涉嫌犯罪行为的，应当给予撤销党内职务、留党察看或者开除党籍处分。,贪污贿赂、滥用职权,玩忽职守、权力寻租,利益输送、徇私舞弊,浪费国家资财,,ABCD,无,多选题,政治理论,
633,（ ），给党组织造成严重损害或者严重不良影响的，对直接责任者和领导责任者，给予警告或者严重警告处分；情节严重的，给予撤销党内职务或者留党察看处分。,不履行全面从严治党主体责任、监督责任,不履行管党治党监督责任,履行全面从严治党主体责任、监督责任不力,履行管党治党监督责任不力,,AC,无,多选题,政治理论,
634,拒不执行党组织的分配、调动、交流等决定的，给予（	）处分。,警告,严重警告,撤销党内职务,留党察看,开除党籍,ABC,无,多选题,政治理论,
635,泄露、扩散或者打探、窃取党组织关于（ ）等尚未公开事项或者其他应当保密的内容的，给予警告或者严重警告处分；情节较重的，给予撤销党内职务或者留党察看处分；情节严重的，给予开除党籍处分。,干部选拔任用,纪律审查,审核审批,巡视巡察,,ABD,无,多选题,政治理论,
636,党员领导干部政绩观错位，违背新发展理念、背离高质量发展要求，给党、国家和人民利益造成较大损失的，（	）。,情节较重的，给予警告或者严重警告处分,情节较重的，给予撤销党内职务或者留党察看处分,情节严重的，给予开除党籍处分,情节严重的，给予留党察看处分,,BC,无,多选题,政治理论,
637,党的纪律是党的各级组织和全体党员必须遵守的行为规则，党组织和党员必须坚持初心使命，牢固树立（	）。,政治意识,大局意识,核心意识,看齐意识,,ABCD,无,多选题,政治理论,
638,《中国共产党党内监督条例》第三十三条规定，（	）应当点名道姓通报曝光。,对违反中央八项规定精神的,严重违纪被立案审查开除党籍的,严重失职失责被问责的,发生在群众身边、影响恶劣的不正之风和腐败问题,,ABCD,无,多选题,政治理论,
639,《中国共产党党内监督条例》第四十三条规定，党组织应当保障党员（  ）和（  ）。,参与权,检举权,知情权,监督权,,CD,无,多选题,政治理论,
640,《中国共产党党内监督条例》第四十四条规定，党组织应当保障监督对象的（ ）和（ ）等相关权利。,申辩权,申诉权,检举权,监督权,,AB,无,多选题,政治理论,
641,《中国共产党党内监督条例》第一条规定，加强党的建设，全面从严治党，强化党内监督，保持党的（	）。,服务性,先进性,创新型,纯洁性,,BD,无,多选题,政治理论,
642,《中国共产党党内监督条例》规定，纪律审查的重点三类情况是（	）。,不收敛不收手,问题线索反映集中、群众反映强烈,现在重要岗位且可能还要提拔使用的领导干部,连续违纪违法,,ABC,无,多选题,政治理论,
643,《中国共产党党务公开条例（试行）》明确规定，党的组织应当根据所承担的职责任务，建立健全党务公开的保密审查、（	）、（	）政策解读、（	）、舆情分析、应急处置等工作机制。,风险评估,信息发布,舆论引导,回复删帖,,ABC,无,多选题,政治理论,
644,《中国共产党党务公开条例（试行）》所称的党务公开，是指党的组织将其实施党的领导活动、加强党的建设工作的有关事务，按规定在党内或者向党外公开。适用于（ ），党的纪律检查机关、工作机关以及其他党的组织。,中央组织,地方组织,下级组织,基层组织,,ABD,无,多选题,政治理论,
645,《中国共产党党员教育管理工作条例》第二十三条规定，党组织应当坚持从严教育管理和热情关心爱护相统一，从（ ）上激励关怀帮扶党员。,政治,思想,工作,生活,,ABCD,无,多选题,政治理论,
646,"《中国共产党党员教育管理工作条例》第六条规定，组织党员（  ）,深入学习领会习近平新时代中国特色社会主义思想的核心要义。",读原著,学原文,重实践,悟原理,,ABD,无,多选题,政治理论,
647,《中国共产党党员教育管理工作条例》第七条规定，坚持（ ）和（ ）相结合，组织培训和个人自学相结合。,集中教育,个别教育,经常性教育,基础性教育,,AC,无,多选题,政治理论,
648,《中国共产党党员教育管理工作条例》第三十八条规定，党组织应当教育引导党员严格规范网络行为，敢于同网上错误言论作斗争，不得（ ）违反党的纪律规定和国家法律法规的信息内容。,浏览,制作,发布,传播,,BCD,无,多选题,政治理论,
649,《中国共产党党员教育管理工作条例》第三十七条规定，坚持（ ）和（ ）相结合，依托党员教育管理信息化平台，开展党员信息管理、党组织活动指导管理等工作。,个性化,网上,规范化,网下,,BD,无,多选题,政治理论,
650,《中国共产党党员教育管理工作条例》第三条规定，要不断增强党员教育管理针对性和有效性，努力建设（	）的党员队伍。,政治合格,执行纪律合格,品德合格,发挥作用合格,,ABCD,无,多选题,政治理论,
651,《中国共产党党员教育管理工作条例》规定，党员应当按期交纳党费。党组织应当做好党费（	）工作。,收缴,使用,管理,发放,,ABC,无,多选题,政治理论,
652,《中国共产党党员教育管理工作条例》规定，党员应当主动（ ），依托各类党员教育管理信息化平台，积极参加在线学习培训，认真参加党组织的活动，自觉接受党组织的教育管理。,学网,知网,用网,懂网,,AC,无,多选题,政治理论,
653,《中国共产党党员教育管理工作条例》规定，党支部开展主题党日，要贴近党员思想和工作实际，组织党员（	）等。,集中学习,过组织生活,进行民主议事,开展志愿服务,,ABCD,无,多选题,政治理论,
654,《中国共产党党员教育管理工作条例》规定，对（	）的党员，组织活动和开展学习教育不作硬性要求，党组织通过送学上门、走访慰问等方式，给予更多关心照顾。,年老体弱,行动不便,身患重病甚至失能,丧失劳动能力,,ABC,无,多选题,政治理论,
655,《中国共产党问责条例》规定，可以不予问责或者免予问责的情形有（	）。,在推进改革中因缺乏经验、先行先试出现的失误，尚无明确限制的探索性试验中的失误，为推动发展的无意过失,在集体决策中对错误决策提出明确反对意见或者保留意见的,在决策实施中已经履职尽责，但因不可抗力、难以预见等因素造成损失的,及时采取补救措施，有效挽回损失或者消除不良影响的,,ABC,无,多选题,政治理论,
656,《中国共产党问责条例》规定，可以从轻或者减轻问责的情形有（	）。,及时采取补救措施，有效挽回损失或者消除不良影响的,积极配合问责调查工作，主动承担责任的,党内法规规定的其他从轻、减轻情形,在集体决策中对错误决策提出明确反对意见或者保留意见的,,ABC,无,多选题,政治理论,
657,《中国共产党问责条例》规定，问责调查报告应当列明哪些信息（	）。,调查对象基本情况、调查依据、调查过程,问责事实,调查对象的态度、认识及其申辩,处理意见以及依据,,ABCD,无,多选题,政治理论,
658,纪律检查机关必须把维护党的政治纪律和政治规矩放在首位，坚决纠正和查处（	）等行为。,上有政策、下有对策,有令不行、有禁不止,口是心非、阳奉阴违,搞团团伙伙、拉帮结派，欺骗组织、对抗组织,,ABCD,无,多选题,政治理论,
659,坚决打赢反腐败斗争攻坚战持久战，腐败是危害党的生命力和战斗力的最大毒瘤，反腐败是最彻底的自我革命。只要存在腐败问题产生的土壤和条件，反腐败斗争就一刻不能停，必须永远吹冲锋号，坚持（ ）一体推进，以零容忍态度反腐惩恶，决不姑息。,不敢腐,不能腐,不愿腐,不想腐,,ABD,无,多选题,政治理论,
660,建立健全纠错机制，对于重大事项请示报告工作中出现的（ ）等问题，上级党组织应当及时提醒纠正，并将有关情况体现到考评通报中。,主体不适当,内容不准确,程序不规范,方式不合理,,ABCD,无,多选题,政治理论,
661,建立健全问责典型问题通报曝光制度，需要公开的主要针对的是采取（ ）方式问责的。,书面警告,组织调整,纪律处分,组织处理,,BCD,无,多选题,政治理论,
662,开展重大事项请示报告工作应当遵循以下原则（  ）。,坚持政治导向,坚持权责明晰,坚持客观真实,坚持规范有序,,ABCD,无,多选题,政治理论,
663,领导干部在民主生活会上进行述责述廉的重点内容是（	）。,执行政治纪律和政治规矩,履行管党治党责任,推进党风廉政建设和反腐败工作,执行廉洁纪律,,ABCD,无,多选题,政治理论,
664,启动问责调查后，要综合考虑主客观因素，正确区分贯彻执行党中央或者上级决策部署过程中出现的（	）等不同情况，精准提出处理意见。,执行不当,执行不力,不执行,执行不到位,,ABC,无,多选题,政治理论,
665,请示报告制度是我们党的一项重要（ ）。,政治纪律,组织纪律,工作纪律,政治规矩,,ABC,无,多选题,政治理论,
666,擅自对应当由党中央决定的重大政策问题作出决定、对外发表主张的，对直接责任者和领导责任者，给予（	）或者（	）处分。|,留党察看,开除党籍,严重警告,撤销党内职务,,CD,无,多选题,政治理论,
667,实行终身问责，对失职失责性质恶劣、后果严重的，不论其责任人是否（	），都应当严肃问责。,调离转岗,提拔,病退,退休,,ABD,无,多选题,政治理论,
668,问责决定作出后，发现（	），应当及时予以纠正。,问责事实认定不清楚、证据不确凿,依据不充分、责任不清晰、程序不合规、处理不恰当,或者存在其他不应当问责、不精准问责情况的,对党中央、上级党组织三令五申的指示要求，不执行或者执行不力的,,ABC,无,多选题,政治理论,
669,问责决定作出后，应当及时向（	）宣布并督促执行。,被问责党组织,被问责领导干部,被问责领导干部所在党组织,上级组织部门,,ABC,无,多选题,政治理论,
670,问责做到事实清楚、证据确凿、依据充分、责任分明、程序合规、处理恰当，防止（	）。,问责不力,简单化,问责泛化,单一化,,ABC,无,多选题,政治理论,
671,下列哪些属于领导干部应当向党组织请示的事项（	）。,超出自身职权范围，应当由所在党组织或者上级党组织作决定的重大事项,属于自身职权范围但事关重大的问题和情况,代表党组织对外发表重要意见,个人在党报党刊上发表的学术文章,,ABC,无,多选题,政治理论,
672,下列事项不必向上级党组织请示（	）。,属于自身职权范围内的日常工作,上级党组织就有关问题已经作出明确批复的,事后报告即可的事项,全面工作总结和计划,,ABC,无,多选题,政治理论,
673,下列属于口头请示报告的方式有（ ）。,通话,当面,会议,信息,,ABC,无,多选题,政治理论,
674,严格执行干部考察考核制度，全面考察（	）、绩、廉表现，既重政绩又重政德。,德,才,能,勤,,ACD,无,多选题,政治理论,
675,党员领导干部违反有关规定组织、参加自发成立的老乡会、校友会、战友会等，情节严重的，给予   	处分。（	）,警告,严重警告,撤销党内职务,留党察看,开除党籍,ABC,无,多选题,政治理论,
676,对于受到解散处理的党组织中的党员，应当逐个审查。其中，不符合党员条件的，应当对其进行	，经教育仍无转变的，予以劝退或者除名。（ ）,批评,教育,限期改正,警告,,BC,无,多选题,政治理论,
677,不按照规定公开	等，侵犯群众知情权，对直接责任者和领导责任者，情节较重的，给予警告或者严重警告处分；情节严重的，给予撤销党内职务或者留党察看处分（ ）,党务,政务,厂务,村（居）务,,ABCD,无,多选题,政治理论,
678,通过网络、广播、电视、报刊、传单、书籍等，或者利用讲座、论坛、报告会、座谈会等方式，有下列行为之一，情节较轻的，给予警告或者严重警告处分；情节较重的，给予撤销党内职务或者留党察看处分；情节严重的，给予开除党籍处分。（ ）,公开发表违背四项基本原则，违背、歪曲党的改革开放决策，或者其他有严重政治问题的文章、演说、宣言、声明等,错误宣传党的政策、路线、方针和党的历史,妄议党中央大政方针，破坏党的集中统一,丑化党和国家形象，或者诋毁、诬蔑党和国家领导人、英雄模范，或者歪曲党的历史、中华人民共和国历史、人民军队历史,,ACD,无,多选题,政治理论,
679,深化运用监督执纪“四种形态”，经常开展批评和自我批评，及时进行谈话提醒、批评教育、责令检查、诫勉，让  	成为常态；  	成为违纪处理的大多数；   成为少数；   	成为极少数。（  ）,“红红脸、出出汗”,党纪轻处分、组织调整,党纪重处分、重大职务调整的,严重违纪涉嫌犯罪追究刑事责任的,党纪轻处分、职务适当调整的,ABCD,无,多选题,政治理论,
680,，给党组织造成严重损害或者严重不良影响的，对直接责任者和领导责任者，给予警告或者严重警告处分；情节严重的，给予撤销党内职务或者留党察看处分。（  ）,不履行全面从严治党主体责任、监督责任,不履行管党治党监督责任,履行全面从严治党主体责任、监督责任不力,履行管党治党监督责任不力,,AC,无,多选题,政治理论,
681,违纪行为有关责任人员分为以下几种	。（	）,直接责任者,主要领导责任者,重要领导责任者,其他相关领导责任者,,ABC,无,多选题,政治理论,
682,拒不执行党组织的分配、调动、交流等决定的，给予  	、  	或者  	处分。（	）,警告,严重警告,撤销党内职务,留党察看,开除党籍,ABC,无,多选题,政治理论,
683,有下列行为之一的，给予警告或者严重警告处分；情节较重的，给予撤销党内职务或者留党察看处分；情节严 重的，给予开除党籍处分。（	）,在民主推荐、民主测评、组织考察和党内选举中搞拉票、助选等非组织活动,在法律规定的投票、选举活动中违背组织原则搞非组织活动，组织、怂恿、诱使他人投票、表决,在法律规定的选举活动中搞团团伙伙小圈子互相拉票、投票,在选举中进行其他违反党章、其他党内法规和有关章程活动,,ABD,无,多选题,政治理论,
684,借用管理和服务对象的  	 、  	、  	 等，可能影响公正执行公务，情节较重的，给予警告或者严重警告处分；情节严重的，给予撤销党内职务、留党察看或者开除党籍处分。（ ）,商铺,钱款,住房,车辆,,BCD,无,多选题,政治理论,
685,党组织有下列行为之一，对直接责任者和领导责任者，情节较重的，给予警告或者严重警告处分；情节严重的，给予撤销党内职务或者留党察看处分。（ ）,党员被依法判处刑罚后，不按照规定给予党纪处分，或者对违反国家法律法规的行为，应当给予党纪处分而不处分|,党纪处分决定或者申诉复查决定作出后，不按照规定落实决定中关于被处分人党籍、职务、职级、待遇等事项,党员受到党纪处分后，不按照干部管理权限和组织关系对受处分党员开展日常教育、管理和监督工作,党员被依法追究刑事责任后，不按照规定给予党纪处分，或者对党员违反国家法律法规的行为，应当给予党纪处分而不处分,,BCD,无,多选题,政治理论,
686,违反有关规定干预和插手市场经济活动，有下列行为之一，情节较轻的，给予警告或者严重警告处分；情节较重的，给予撤销党内职务或者留党察看处分；情节严重的，给予开除党籍处分：（	  ）,干预和插手建设工程项目承发包、土地使用权出让、政府采购、房地产开发与经营、矿产资源开发利用、中介机构服务等活动,干预和插手国有企业重组改制、兼并、破产、产权交易、清产核资、资产评估、资产转让、重大项目投资以及其他重大经营活动等事项,干预和插手批办各类行政许可和资金借贷等事项,干预和插手经济纠纷,干预和插手集体资金、资产和资源的使用、分配、承包、租赁等事项,ABCDE,无,多选题,政治理论,
687,党的纪律建设必须（  ）。,坚持以马克思列宁主义、毛泽东思想、邓小平理论、“三个代表”重要思想、科学发展观、习近平新时代中国特色社会主义思想为指导,坚持和加强党的全面领导，坚决维护习近平总书记党中央的核心、全党的核心地位，坚决维护以习近平同志为核心的党中央权威和集中统一领导,弘扬伟大建党精神，坚持自我革命，贯彻全面从严治党战略方针，落实新时代党的建设总要求，推动解决大党独有难题、健全全面从严治党体系,全面加强党的纪律建设，为以中国式现代化全面推进强国建设、民族复兴伟业提供坚强纪律保障,,ABCD,无,多选题,政治理论,
688,党中央八项规定旨在全方位改进工作作风，密切联系群众，以下哪些属于其核心要点？（ ）,要精简文件简报，切实改进文风,要严禁公款吃喝，规范公务接待,要改进警卫工作，减少交通管制,要精简文件简报，切实改进文风,,ACD,无,多选题,政治理论,
689,规范出访活动时，以下做法正确的是？（	）,根据外交工作实际需求安排出访,为显示友好，可超标准宴请外方人员,严格控制随行人员数量,按照规定选择合适的交通工具,,ACD,无,多选题,政治理论,
690,改进警卫工作要坚持哪些原则？（	）,安全至上，不惜一切保障安全,减少扰民，保障群众正常生活,有利于联系群众，拉近干群关系,严格保密，不公开任何警卫信息,,BC,无,多选题,政治理论,
691,厉行勤俭节约需在哪些方面严格遵守廉洁从政规定？（	）,规范公务接待，不铺张浪费,按标准配备使用办公设备,严禁公款旅游，杜绝变相旅游,可适当接受下属单位赠送的土特产,,ABC,无,多选题,政治理论,
692,贯彻中央八项规定精神，在规范公务用车时，需要做到（	）。,定期更新车辆，保证车辆性能,严格执行车辆编制管理,禁止公车私用,可以超标准配备公务用车,,BC,无,多选题,政治理论,
693,在办公用房管理方面，落实中央八项规定精神应（	）。,领导干部可根据工作需要超面积使用办公用房,定期对办公用房进行豪华装修,严格执行办公用房使用标准,推进办公用房资源整合和集约利用,,CD,无,多选题,政治理论,
694,关于落实中央八项规定精神，下列说法正确的是（	）。,仅对领导干部有约束，普通党员无需遵守,是加强党的作风建设的重要举措,有助于密切党同人民群众的联系,只在一段时间内执行，过后可放松要求,,BC,无,多选题,政治理论,
695,为更好地贯彻中央八项规定精神，各级党组织应（	）。,定期开展自查自纠，发现问题及时整改,对违反规定的党员干部从轻处理,加强对党员干部的宣传教育,建立健全相关监督机制,,ACD,无,多选题,政治理论,
696,在精简文件简报时，以下做法正确的是（	）。,对内容相近的文件进行整合,提高文件简报的印发频率,严格审核文件简报内容，确保有价值,简化文件格式，提高流转效率,,ACD,无,多选题,政治理论,
697,改进新闻报道落实中央八项规定精神，新闻媒体应（	）。,创新报道形式，增强吸引力,增加领导出席活动报道篇幅,注重报道内容的真实性和客观性,挖掘更多反映社会民生的新闻素材,,ACD,无,多选题,政治理论,
698,落实中央八项规定精神，加强监督检查的方式有（	）。,设立举报信箱，接受群众监督,开展专项检查，针对重点领域,进行不定期暗访，了解真实情况,查阅财务账目，检查经费使用合规性,,ABCD,无,多选题,政治理论,
699,在公务接待中，落实中央八项规定精神要（	）。,严格执行接待标准，不得擅自提高,提供特色服务，满足客人一切需求,控制接待次数，避免频繁接待,规范接待流程，明确责任分工,,ACD,无,多选题,政治理论,
700,中央八项规定对（   ）产生了深远影响。,党风,政风,社风,民风,,ABCD,无,多选题,政治理论,
701,党员受到开除党籍处分，三年内不得重新入党。,,,,,,错,无,判断题,政治理论,正确答案应为: 五年
702,留党察看期限最长不得超过三年。,,,,,,错,无,判断题,政治理论,正确答案应为: 不得超过两年
703,利用职权、教养关系、从属关系或者其他相类似关系与他人发生性关系的，从重处分。,,,,,,对,无,判断题,政治理论,
704,生活奢靡、铺张浪费、贪图享乐、追求低级趣味，造成不良影响的，给予撤销党内职务处分。,,,,,,错,无,判断题,政治理论,正确答案应为: 情节较重的给予警告或者严重警告处分；情节严重的，给予撤销党内职务处分。题目中未区分情节轻重，直接判定为“撤销党内职务”，不符合条例对处分档次的梯度设置
705,在干部、职工的荣誉表彰工作中，利用职权或者职务上的影响违反有关规定为其他人谋取利益的，给予警告或者严重警告处分。,,,,,,对,无,判断题,政治理论,
706,在考试、录取工作中，有泄露试题、考场舞弊、涂改考卷、违规录取等违反有关规定行为的，给予警告或者严重警告处分；情节较重的，给予撤销党内职务或者留党察看处分；情节严重的，给予开除党籍处分。,,,,,,对,无,判断题,政治理论,
707,虽经批准因私出国（境）但存在擅自变更路线、无正当理由超期未归等超出批准范围出国（境）行为，情节严重的，给予严重警告处分。,,,,,,错,无,判断题,政治理论,正确答案应为: 情节严重的，给予撤销党内职务处分
708,党员李某因过失犯罪被判处两年有期徒刑，一般应当开除党籍。,,,,,,对,无,判断题,政治理论,
709,利用职权或者职务上的影响操办婚丧喜庆事宜，造成不良影响的，给予警告或者严重警告处分。,,,,,,对,无,判断题,政治理论,
710,党员在党纪处分影响期内又受到党纪处分的，其影响期以新处分影响期为准。,,,,,,错,无,判断题,政治理论,正确答案应为: 将原处分与新处分叠加
711,搞劳民伤财的“形象工程”、“政绩工程”违反的是党的群众纪律。,,,,,,错,无,判断题,政治理论,正确答案应为: 政治纪律
712,党员行为虽然造成损失或者后果，但不是出于故意或者过失，而是由于不可抗力等原因所引起的，不追究党纪责任。,,,,,,对,无,判断题,政治理论,
713,对强迫、唆使他人违纪的党员，应当从重或者加重处分。,,,,,,对,无,判断题,政治理论,
714,隐瞒入党前严重错误的，一般应当予以除名；对入党多年且一贯表现好，或者在工作中作出突出贡献的，给予严重警告、撤销党内职务或者留党察看处分。,,,,,,对,无,判断题,政治理论,
715,遇到国家财产和群众生命财产受到严重威胁时，能救而不救，情节较重的，给予警告、严重警告或者撤销党内职务处分；情节严重的，给予留党察看或者开除党籍处分。,,,,,,对,无,判断题,政治理论,
716,党员受到开除党籍处分，五年内不得重新入党，可以推荐担任与其原任职务相当的党外职务。,,,,,,错,无,判断题,政治理论,正确答案应为: 不得担任与其原任职务相当的党外职务
717,留党察看期限最长不得超过两年。,,,,,,对,无,判断题,政治理论,
718,在法律规定的投票、选举活动中违背组织原则搞非组织活动，组织、怂恿、诱使他人投票、表决，违反了党的组织纪律。,,,,,,对,无,判断题,政治理论,
719,减轻处分，是指在《中国共产党纪律处分条例》 规定的违纪行为应当受到的处分幅度以外，给予较轻的处分。,,,,,,错,无,判断题,政治理论,正确答案应为: 减轻处分，是指在《中国共产党纪律处分条例》 规定的违纪行为应当受到的处分幅度以外，减轻一档给予处分
720,违纪党员在党组织作出处分决定前死亡，或者在死亡之后发现其曾有严重违纪行为，对于应当给予开除党籍处分的，开除其党籍。,,,,,,对,无,判断题,政治理论,
721,党员因违犯党纪受到处分，影响期满后，党组织无需取消对其的处分。,,,,,,对,无,判断题,政治理论,
722,根据《中国共产党纪律处分条例》规定，深化运用监督执纪“四种形态”，严重违纪涉嫌犯罪追究刑事责任的成为极少数。,,,,,,对,无,判断题,政治理论,
723,党员受到留党察看处分，其党内职务可保留。,,,,,,错,无,判断题,政治理论,正确答案应为: 党内职务自然撤销
724,“党员干部不按照有关规定向组织请示、报告重大事项”问题，违反了组织纪律。,,,,,,错,无,判断题,政治理论,正确答案应为: 政治纪律
725,在组织进行谈话函询时，不如实向组织说明问题，同时向组织提供虚假情况、掩盖事实的，依照对抗组织审查 行为处理。,,,,,,对,无,判断题,政治理论,
726,违反有关规定取得、持有、实际使用运动健身卡、会所和俱乐部会员卡、高尔夫球卡等各种消费卡（券），或 者违反有关规定出入私人会所，给予警告或者严重警告处分。,,,,,,错,无,判断题,政治理论,正确答案应为: 情结较重的给予警告或者严重警告处分
727,下级党组织拒不执行或者擅自改变上级党组织决定的，对主要责任者，给予警告或者严重警告处分。,,,,,,错,无,判断题,政治理论,正确答案应为: 直接责任者和领导责任者，给予警告或者严重警告处分
728,对于严重违犯党纪、本身又不能纠正的党组织，上一级党的委员会在查明核实后，根据情节严重的程度，应当予以改组。,,,,,,错,无,判断题,政治理论,正确答案应为: 在查明核实后，根据情节严重程度，可以采取改组或解散两种处理措施
729,以强迫、威胁、欺骗、拉拢等手段，妨害党员自主行使表决权、选举权和被选举权的，给予开除党籍处分。,,,,,,错,无,判断题,政治理论,正确答案应为: 撤销党内职务、留党察看或开除党籍处分
730,党员受到撤销党内职务处分，五年内不得在党内担任和向党外组织推荐担任与其原任职务相当或者高于其原任职务的职务。,,,,,,错,无,判断题,政治理论,正确答案应为: 两年内
731,对隐瞒入党前严重错误的，即使入党多年且一贯表现良好，或者在工作中作出突出贡献，也应按照规定给予开除党籍处分。,,,,,,错,无,判断题,政治理论,正确答案应为: 严重警告、撤销党内职务或留党察看处分
732,党员受留党察看处分期间，没有表决权和选举权，有被选举权。,,,,,,错,无,判断题,政治理论,正确答案应为: 三者均被剥夺
733,上级党组织对违犯党纪的党组织和党员作出的处理决定，下级党组织参考执行。,,,,,,错,无,判断题,政治理论,正确答案应为: 必须执行
734,加重处分，是指在《中国共产党纪律处分条例》规定的违纪行为应当受到的处分幅度以外，加重一档给予处分。,,,,,,对,无,判断题,政治理论,
735,撤销党内职务处分，是指撤销受处分党员由党内选举或者组织任命的党内职务。,,,,,,对,无,判断题,政治理论,
736,党员干部受到党纪处分，需要同时进行组织处理的，党组织应当按照规定给予组织处理。,,,,,,对,无,判断题,政治理论,
737,执行党纪处分决定的机关或者受处分党员所在单位，应当在一年内将处分决定的执行情况向作出或者批准处分决定的机关报告。,,,,,,错,无,判断题,政治理论,正确答案应为: 6个月内
738,在公务活动用餐、单位食堂用餐管理工作中不履行或者不正确履行宣传教育、监督管理职责，导致餐饮浪费，,,,,,,对,无,判断题,政治理论,
739,党员受到留党察看处分，其党内职务自然撤销。对于担任党外职务的，应当建议党外组织撤销其党外职务。,,,,,,对,无,判断题,政治理论,
740,《中国共产党纪律处分条例》规定，在特殊时期或者紧急状况下，拒不执行党组织决定的，给予留党察看或者开除党籍处分。,,,,,,对,无,判断题,政治理论,
741,《中国共产党纪律处分条例》规定的只有开除党籍处分一个档次的违纪行为，不适用减轻处分的规定。,,,,,,对,无,判断题,政治理论,
742,《中国共产党纪律处分条例》是根据中国共产党章程制定的。,,,,,,对,无,判断题,政治理论,
743,《中国共产党问责条例》规定，在集体决策中对错误决策提出明确反对意见或者保留意见的，可以从轻或者减轻问责。,,,,,,错,无,判断题,政治理论,正确答案应为: 在集体决策中对错误决策提出明确反对意见或者保留意见的，属于不予问责或免予问责的情形之一
744,《中国共产党支部工作条例（试行）》规定，党支部每年至少召开 1 次组织生活会，一般安排在第一季度，也可以根据工作需要随时召开。组织生活会一般以党支部党员大会、党支部委员会会议或者党小组会形式召开。,,,,,,错,无,判断题,政治理论,正确答案应为: 第四季度
745,《中国共产党支部工作条例（试行）》规定，机关、国有企业、事业单位，党支部书记一般由本部门本单位主要负责人担任，也可以由本部门本单位其他负责人担任。根据工作需要，上级党组织可以选派党员干部担任专职党支部书记。,,,,,,对,无,判断题,政治理论,
746,不允许任何领导人实行个人专断和把个人凌驾于组织之上。,,,,,,对,无,判断题,政治理论,
747,除中央外党的任何一级组织都无权剥夺党员的,,,,,,错,无,判断题,政治理论,正确答案应为: 中央本身也无权剥夺党员权利
748,党始终强调，治国必先治党，治党务必从严，聚精会神抓好党的建设，开创和推进党的建设新的伟大工程。,,,,,,对,无,判断题,政治理论,
749,党员必须坚持党和人民的利益高于一切，个人利益服从党和人民的利益，吃苦在前，享受在后，克己奉公，多做贡献。,,,,,,对,无,判断题,政治理论,
750,党员除了享有表决权、选举权和被选举权以外，还有权要求处分或撤换不称职的干部。,,,,,,错,无,判断题,政治理论,正确答案应为: 罢免或撤换不称职的干部
751,党员有退党的自由。,,,,,,对,无,判断题,政治理论,
752,党员在留党察看期间没有表决权、选举权和被选举权。,,,,,,对,无,判断题,政治理论,
753,党员在留党察看期间有表决权，但没有选举权和被选举权。,,,,,,错,无,判断题,政治理论,正确答案应为: 三者均被剥夺
754,党员只能向所在的党组织提出请求、申诉和控告。,,,,,,错,无,判断题,政治理论,正确答案应为: 可以向党的上级组织直至中央提出请求、申诉和控告
755,党在自己的政治生活中正确地开展批评和自我批评，在原则问题上进行思想斗争，坚持真理，修正错误。,,,,,,对,无,判断题,政治理论,
756,党组织如果在维护党的纪律方面失职，必须问责。,,,,,,对,无,判断题,政治理论,
757,党组织讨论决定问题，必须执行少数服从多数的原则。,,,,,,对,无,判断题,政治理论,
758,对党的中央委员会和地方各级委员会的委员、候补委员，给以撤销党内职务、留党察看或开除党籍的处分，必须由本人所在的委员会全体会议三分之一以上的多数决,,,,,,错,无,判断题,政治理论,正确答案应为: 三分之二以上
759,对党员的纪律处分有五种：警告、严重警告、记大过、留党察看、开除党籍。,,,,,,错,无,判断题,政治理论,正确答案应为: 警告、严重警告、撤销党内职务、留党察看、开除党籍
760,对党组织的问责方式包括检查、通报、整改。,,,,,,错,无,判断题,政治理论,正确答案应为: 检查、通报、整组
761,留党察看最长不超过一年。,,,,,,错,无,判断题,政治理论,正确答案应为: 两年
762,年龄和健康状况不适宜于继续担任工作的干部，应当按照国家的规定退、离休。,,,,,,对,无,判断题,政治理论,
763,取消预备党员资格是党纪处分。,,,,,,错,无,判断题,政治理论,正确答案应为: 不是党纪处分，而是党组织根据相关规定，对不符合党员条件的预备党员做出的决定
764,任何党员不论职务高低，都不能个人决定重大问题；如遇紧急情况，必须由个人作出决定时，事后要迅速向党组织报告。,,,,,,对,无,判断题,政治理论,
765,任何组织和个人不得以任何方式强迫选举人选举或不选举某个人。,,,,,,对,无,判断题,政治理论,
766,上级纪律检查委员会有权检查下级纪律检查委员会的工作，并且有权批准和改变下级纪律检查委员会对于案件所作的决定。,,,,,,对,无,判断题,政治理论,
767,我们以钉钉子精神纠治“四风”，反对特权思想和特权现象，刹住了一些长期没有刹住的歪风，纠治了一些多年未除的顽瘴痼疾。,,,,,,对,无,判断题,政治理论,
768,县级和县级以上各级党的委员会和纪律检查委员会有权直接决定给党员以纪律处分。,,,,,,错,无,判断题,政治理论,正确答案应为: 必须是在特殊情况下才能在县级和县级以上
769,严重触犯刑律的地方各级委员会委员、候补委员，由上级委员会常务委员会决定开除其党籍。,,,,,,错,无,判断题,政治理论,正确答案应为: 主体应为同级委员会常务委员会
770,要廉洁奉公树立新风，教育引导广大党员、干部增强纪律意识、规矩意识，持续纠治_“四风”。,,,,,,对,无,判断题,政治理论,
771,要推动形成清清爽爽的同志关系、规规矩矩的上下级关系、亲清统一的新型政商关系。,,,,,,对,无,判断题,政治理论,
772,在党的纪律中，组织纪律是最重要、最根本、最关键的纪律。,,,,,,错,无,判断题,政治理论,正确答案应为: 政治纪律
773,从轻处分，是指在《中国共产党纪律处分条例》规定的违纪行为应当受到的处分幅度以内，减轻一档给予处分。,,,,,,错,无,判断题,政治理论,正确答案应为: 幅度以外
774,对于在党内担任两个以上职务的，党组织在作处分决定时，应当明确是撤销其一切职务还是一个或者几个职务。如果决定撤销其一个职务，必须撤销其担任的最低职务。,,,,,,错,无,判断题,政治理论,正确答案应为: 必须撤销其担任的最高职务
775,在上级检查、视察工作或者向上级汇报、报告工作时对应当报告的事项不报告或者不如实报告，造成严重损害或者严重不良影响的，对直接责任者和领导责任者给予警告或者严重警告处分；情节严重的，给予撤销党内职务或者留党察看处分。,,,,,,对,无,判断题,政治理论,
776,党纪处分决定作出后，应当在 15 天内向受处分党员所在党的基层组织中的全体党员及其本人宣布，是领导班子成员的还应当向所在党组织领导班子宣布，并按照干部管理权限和组织关系将处分决定材料归入受处分者档案。,,,,,,错,无,判断题,政治理论,正确答案应为: 一个月
777,“党员干部搞权色交易”问题，违反了生活纪律。,,,,,,错,无,判断题,政治理论,正确答案应为: 廉洁纪律
778,在推进领导干部能上能下工作中，搞好人主义，以组织调整代替党纪政务等处分，对直接责任者和领导责任者，情节严重的，给予开除党籍处分。,,,,,,错,无,判断题,政治理论,正确答案应为: 情节严重给予撤销党内职务或留党察看
779,不按照规定公开党务、政务、厂务、村（居）务等，侵犯群众知情权，对直接责任者和领导责任者，情节较重的，给予警告或者严重警告处分；情节严重的，给予撤销党内职务或者留党察看处分。,,,,,,对,无,判断题,政治理论,
780,工作中不负责任或者疏于管理，贯彻执行、检查督促落实上级决策部署不力，给党、国家和人民利益以及公共财产造成较大损失的，对直接责任者和领导责任者给予撤销党内职务、留党察看或者开除党籍处分。,,,,,,错,无,判断题,政治理论,正确答案应为: 对直接责任者和领导责任者给予警告或严重警告处分
781,贯彻党中央决策部署只表态不落实，或者落实党中央决策部署不坚决，打折扣、搞变通，在政治上造成不良影响或者严重后果的，给予警告或者严重警告处分；情节严重的，给予撤销党内职务、留党察看或者开除党籍处分。,,,,,,对,无,判断题,政治理论,
782,某党员领导干部采取弄虚作假手段把不符合党员条件的人发展为党员，根据新修订的《中国共产党纪律处分条例》，其违反了工作纪律。,,,,,,错,无,判断题,政治理论,正确答案应为: 违反了组织纪律
783,借用管理和服务对象的钱款、住房、车辆等，可能影响公正执行公务，情节较重的，给予警告或者严重警告处分；情节严重的，给予撤销党内职务、留党察看或者开除党籍处分。,,,,,,对,无,判断题,政治理论,
784,党组织作出党纪处分或者组织处理决定后，监察机关、司法机关、行政机关等依法改变原生效判决、裁定、决定等，对原党纪处分或者组织处理决定产生影响的，党组织应当根据改变后的生效判决、裁定、决定等重新作出相应处理。,,,,,,对,无,判断题,政治理论,
785,因工作不负责任致使所管理的人员出逃、出走，对直接责任者和领导责任者，情节较重的，给予警告或者严重警告处分；情节严重的，给予撤销党内职务处分。,,,,,,对,无,判断题,政治理论,
786,甲区某镇管理处党总支书记兼主任刘某，擅自向管理处下辖的三个村集体收取赞助款 3.7 万元，用于其餐费、运费、礼品等方面的开支。根据新修订《中国共产党纪律处分条例》相关规定，刘某的行为违反了工作纪律。,,,,,,错,无,判断题,政治理论,正确答案应为: 违反了群众纪律
787,对党组织和党员违犯党纪的行为，应当以事实为依据，以党章、其他党内法规和国家法律法规为准绳，执纪执法贯通，准确认定违纪性质，区别不同情况，恰当予以处理。,,,,,,错,无,判断题,政治理论,正确答案应为: 准确认定行为性质
788,违反有关规定配备、购买、更换、装饰、使用公务交通工具，情节较重的，对直接责任者和领导责任者，给予撤销党内职务处分。,,,,,,错,无,判断题,政治理论,正确答案应为: 情节较重的，对直接责任者和领导责任者，给予警告或严重警告处分
789,"党组织在纪律审查中发现党员违反国家财经纪律，在公共资金收支、税务管理、国有资产管理、政府采购管理、金融管理、财务会计管理等财经活动中有违法行为的,应当给予开除党籍处分。",,,,,,错,无,判断题,政治理论,正确答案应为: 视具体情节给予警告直至开除党籍处分
790,搞“劳民伤财”的“形象工程”、“政绩工程”，是违反工作纪律的行为。,,,,,,错,无,判断题,政治理论,正确答案应为: 政治纪律
791,党员因过失犯罪被判处三年以下有期徒刑或者 被判处管制、拘役的，对于个别可以不开除党籍的，应当对照处分违纪党员批准权限的规定，报请再上一级党组织批准。,,,,,,对,无,判断题,政治理论,
792,在干部、职工的录用、考核、职务职级晋升、职称评聘、荣誉表彰，授予学术称号和征兵、安置退役军人等工作中，隐瞒、歪曲事实真相，情节严重的，给予留党察看处分。,,,,,,错,无,判断题,政治理论,正确答案应为: 情节严重的，给予开除党籍处分
793,离职或者退（离）休后利用原职权或者职务上的影响为他人谋取利益，本人的配偶、子女及其配偶等亲属和其他特定关系人收受对方财物，情节较轻的，给予警告或者严重警告处分。,,,,,,错,无,判断题,政治理论,正确答案应为: 情节较轻的，给予撤销党内职务以上处分
794,"某县为基层干部设置过多过细的考核指标，加重基层负担，按照新修订《中国共产党纪律处分条例》相关规定,违反了群众纪律。",,,,,,错,无,判断题,政治理论,正确答案应为: 工作纪律
795,某国企党员干部尹某在任职期间，纵容妻子与下属矿业公司签订虚假劳动合同，伪造整套人事档案并办理提前退休手续。按照新修订《中国共产党纪律处分条例》相关规定，尹某的行为违反了廉洁纪律。,,,,,,对,无,判断题,政治理论,
796,2025 年 1 月 6 日，习近平在二十届中央纪委四次全会上强调，党的二十届三中全会对深化纪检监察体制改革作了部署，要抓好改革任务落实，坚持确权和控权相结合，把权力关进制度的笼子。,,,,,,错,无,判断题,政治理论,正确答案应为: 授权和控权相结合
797,2016 年 11 月 9 日，习近平在中央军委后勤工作会议上强调，作风建设要标本兼治、综合施策，落细落小、落实落地。,,,,,,错,无,判断题,政治理论,正确答案应为: 落细落小、到边到底
798,2018 年 7 月 3 日，习近平在全国组织工作会议上指出，建立管思想、管工作、管作风、管纪律的从严管理体系。要加强党内监督，贯彻民主集中制，严格组织生活，用好“团结—批评—团结”的锐利武器，完善体制机制，管好关键人、管到关键处、管住关键事、管在关键时，特别是要把一把手管住管好。,,,,,,错,无,判断题,政治理论,正确答案应为: 批评与自我批评
799,主动挽回损失、消除不良影响或者有效阻止危害结果发生，可以从轻或者减轻处分。,,,,,,对,无,判断题,政治理论,
800,一人有《中国共产党纪律处分条例》规定的两种以上应当受到党纪处分的违纪行为，应当合并处理，按其数种违纪行为中应当受到的最高处分加重一档给予处分。,,,,,,对,无,判断题,政治理论,
801,党员如果没有正当理由，连续（    ）不参加党的组织生活，或不交纳党费，或不做党所分配的工作，就被认为是自行脱党。,1 个月,3 个月,6 个月,12 个月,,C,无,单选题,政治理论,
802,调查研究必须坚持问题导向，增强问题意识，以（	）为根本目的，真正把情况摸清、把问题找准、把对策提实。,发现问题,梳理问题,解决问题,正视问题,,C,无,单选题,政治理论,
803,入党介绍人要认真了解发展对象的入党动机、政治觉悟、（    ）、工作经历、现实表现等情况，如实向党组织汇报。,道德品质,家庭状况,社会公德,群众基础,,A,无,单选题,政治理论,
804,党的基层委员会、总支部委员会、支部委员会每届任期（	）。,三年,五年,两年到三年,三年至五年,,D,无,单选题,政治理论,
805,党的组织原则是（    ）。,首长负责制,民主集中制,领导负责制,民主制,,B,无,单选题,政治理论,
806,党员要求退党，应当经（	   ）讨论后宣布除名，并报上级党组织备案。,党委常委,基层党委,党小组,支部大会,,D,无,单选题,政治理论,
807,全面推进党的“五个建设”，其中（    ）处于统领地位，（    ）是管党治党的治本之策。,思想建设、组织建设,政治建设、纪律建设,制度建设、作风建设,理论建设、制度建设,,B,无,单选题,政治理论,
808,党的最高领导机关是（  ）。,党的全国代表大会和它所产生的中央委员会,党的全国代表大会和党的地方各级代表大会,党的中央政治局及其常务委员会,党的全国代表会议,,A,无,单选题,政治理论,
809,党支部每年至少（ ）次组织生活会，一般安排在第四季度，也可以根据工作需要随时召开。,1,2,3,4,,A,无,单选题,政治理论,
810,下列属于党组织应当向上级党组织请示的事项是（	）。,属于自身职权范围内的日常工作,上级党组织就有关问题已经作出明确批复的,事后报告即可的事项,重大决策时存在较大意见分歧的情况,,D,无,单选题,政治理论,
811,党支部书记（ ）应当向上级党组织和党支部党员大会述职，接受评议考核，考核结果作为评先评优、选拔使用的重要依据。,每季度,每任期,每年,每半年,,C,无,单选题,政治理论,
812,年满（ ）的中国工人、农民、军人、知识分子和其他社会阶层的先进分子，承认党的纲领和章程，愿意参加党的一个组织并在其中积极工作、执行党的决议和按期交纳党费的，可以申请加入中国共产党。,十六岁,十八岁,二十岁,二十五岁,,B,无,单选题,政治理论,
813,党自身必须在宪法和法律范围内活动，真正做到党领导立法、保证执法、（ ）。,带头守法,执法必严,违法必究,依法治国,,A,无,单选题,政治理论,
814,（ ）是党的中心工作，意识形态工作是党的一项极端重要的工作。,思想建设,政治建设,经济建设,组织建设,,C,无,单选题,政治理论,
815,“两学一做”是指（	）。,学党章、学党规、做合格党员,学党章、学党规、做优秀党员,学党章党规、学系列讲话、做优秀党员,学党章党规、学系列讲话、做合格党员,,D,无,单选题,政治理论,
816,党的基层组织是党在社会基层组织中的战斗堡垒，是党的（ ）和战斗力的基础。,中心工作,全部工作,主要任务,重点工作,,B,无,单选题,政治理论,
817,"党的基层组织应当把吸收具有马克思主义信仰、共产主义觉悟和中国特色社会主义信念，自觉践行（  ）的先进分子入党,作为一经常性重要工作。",习近平新世代中国特色社会主义思想,科学发展观,群众路线,社会主义核心价值观,,D,无,单选题,政治理论,
818,党的建设必须坚决实现五项基本要求：坚持党的基本路线；坚持解放思想，实事求是，与时俱进，求真务实；坚持（	）；坚持民主集中制；坚持从严管党治党。,廉政建设,群众路线,全心全意为人民服务,党的领导,,C,无,单选题,政治理论,
819,党的领导和依法治国不是对立的，而是统一的。我国法律充分体现了（ ），我们党依法办事，这个关系是相互统一的关系。,党的意志,人民意志,党和人民意志,各民族人民意志,,C,无,单选题,政治理论,
820,党的十八大以来，在文化建设上，我国意识形态领域形势发生全局性、根本性转变，全党全国各族人民（ ）明显增强，全社会凝聚力和向心力极大提升。,文明素质,精神素养,物质需求,文化自信,,D,无,单选题,政治理论,
821,党务公开应当遵循以下原则：（    ）；坚持发扬民主；坚持积极稳妥；坚持依规依法。,坚持正确目标,坚持正确方向,坚持正确方式,坚持正确态度,,B,无,单选题,政治理论,
822,党员必须密切联系群众，向群众宣传党的主张，遇事同群众商量，及时向党反映群众的意见和要求，维护（     ）。,群众的正当利益,群众的全部利益,群众的重大利益,群众的关键利益,,A,无,单选题,政治理论,
823,党员有权向党负责地揭发、检举党的（	）组织和任何党员违纪违法的事实。,上一级,下一级,同级,任何,,D,无,单选题,政治理论,
824,党支部工作必须坚持把党的（	）摆在首位，牢固树立“四个意识”，坚定“四个自信”，做到“四个服从”，旗帜鲜明讲政治。,政治意识,政治建设,思想建设,作风建设,,B,无,单选题,政治理论,
825,党组的成员，由（   	）的党组织决定。,批准成立党组,本单位推荐,当地党委,上级党委,,A,无,单选题,政治理论,
826,党组织应当通过宣传党的政治主张和深入细致的思想政治工作，提高党外群众对党的认识，不断扩大（	）队伍。,发展对象,预备党员,入党积极分子,入党申请人,,C,无,单选题,政治理论,
827,管党治党，各级党组织书记负（    ）。,主体责任,第一责任,直接责任,主要责任,,B,无,单选题,政治理论,
828,加强党对意识形态工作的领导，党的理论创新全面推进，（	）在意识形态领域的指导地位更加鲜明，中国特色社会主义和中国梦深入人心。,马克思主义,辩证唯物主义,历史唯物主义,唯心主义,,A,无,单选题,政治理论,
829,坚持（	）原则，参与讨论决定人才工作政策措施，会同有关方面做好各类人才培养、引进、使用、管理、服务和奖惩工作，对教职工聘用考评、职称评审等提出意见。,党管干部,党管人才,党管人事,党管教育,,B,无,单选题,政治理论,
830,坚持和加强党的全面领导，最重要的是坚决维护（	）和集中统一领导。,政府权威,全国人民代表大会权威,党中央权威,政治制度权威,,C,无,单选题,政治理论,
831,践行全心全意为人民服务的根本宗旨，把党的（	   ）贯彻到治国理政全部活动之中，把人民对美好生活的向往作为奋斗目标，依靠人民创造历史伟业。,政治路线,思想路线,组织路线,群众路线,,D,无,单选题,政治理论,
832,开展（    ），围绕贯彻执行党和国家重大决策、推进落实重大任务，宣讲党的路线方针政策，解读世情国情党情，回应党员关注的问题，引导党员正确认识形势，把思想和行动统一到党中央要求上来。,革命传统教育,形势政策教育,党的宗旨教育,知识技能教育,,B,无,单选题,政治理论,
833,下列单位一般不设立党组的是（   	）。,中管企业,江西省检察院,共青团组织,江西省政府,,C,无,单选题,政治理论,
834,下列属于党员义务的是（	   ）。,对党的工作提出建议和倡议,向群众宣传党的主张,参加党的有关会议,阅读党的有关文件,,B,无,单选题,政治理论,
835,党的基层组织应当把吸收具有（ ），自觉践行社会主义核心价值观的先进分子入党，作为一项经常性重要工作。,马克思主义信仰,共产主义觉悟,中国特色社会主义信念,社会主义初级阶段基本路线,,ABC,无,多选题,政治理论,
836,党的民主集中制的基本原则之一是“四个服从”：党员个人服从党的组织，（      	）。,少数服从多数,党员群众服从党组织干部,下级组织服从上级组织,全党各个组织和全体党员服从党的全国代表大会和中央委员会,,ACD,无,多选题,政治理论,
837,发展党员工作的基本原则是（	）。,坚持党性、反对派性原则,坚持重在政治表现的原则,坚持入党自愿的原则,坚持个别吸收的原则,,CD,无,多选题,政治理论,
838,党的上下级组织之间要（ ）。党的各级组织要按规定实行党务公开，使党员对党内事务有更多的了解和参与。,互通情报,互相支持,互相监督,互相关心,,ABC,无,多选题,政治理论,
839,党支部委员会设（	   ）等，必要时可以设 1 名副书记。,书记,组织委员,宣传委员,纪检委员,,ABCD,无,多选题,政治理论,
840,党支部应当经常开展谈心谈话。（	），每年谈心谈话一般不少于 1 次。谈心谈话应当坦诚相见、交流思想、交换意见、帮助提高。,党支部委员之间,党支部委员和党员之间,党员和党员之间,支部书记和其他支部委员之间,,ABC,无,多选题,政治理论,
841,《党史学习教育工作条例》指出，用好革命博物馆、纪念馆、党史馆、烈士纪念设施、革命旧址等红色资源，保护利用好革命文物，精心设计展览陈列、红色旅游线路、学习体验线路，加强（ ）。,革命传统教育,爱国主义教育,思想品德教育,思想道德教育,,ABD,无,多选题,政治理论,
842,党支部委员会成员应当自觉接受（	）监督，加强互相监督。,上级党组织,党员,群众,民主党派成员,,ABC,无,多选题,政治理论,
843,坚持和加强党的全面领导，最重要的是坚决维护（	）和（	   ）。,党中央权威,集中统一领导,党的政治地位,党的执政地位,,AB,无,多选题,政治理论,
844,涉及（ ）的重大事项，应当由有关党组织向共同上级党组织联合请示报告。,跨区域,跨领域,跨行业,跨系统,,ABCD,无,多选题,政治理论,
845,党支部书记应当具备哪些条件（ ）。,良好政治素质，热爱党的工作,具有一定的政策理论水平、组织协调能力和群众工作本领,敢于担当、乐于奉献，带头发挥先锋模范作用，在党员、群众中有较高威信,一般应当具有 1 年以上党龄,,ABCD,无,多选题,政治理论,
846,党支部应当运用“三会一课”制度，对党员进行经常性的教育管理。党员应当按期参加（    ），进行学习交流，汇报思想、工作等情况。,党员大会,党小组会,上党课,支部委员会,,ABC,无,多选题,政治理论,
847,党史学习教育工作的主要任务是：（    ）。,学史明理,学史增信,学史崇德,学史力行,,ABCD,无,多选题,政治理论,
848,党的地方各级代表大会的职权是（	）。,听取和审查同级委员会的报告,审查同级纪律检查委员会的报告,讨论本地区范围内的重大问题并作出决议,选举同级党的委员会，选举同级党的纪律检查委员会,,ABCD,无,多选题,政治理论,
849,党的中央、地方和基层组织，都必须重视党的建设，经常讨论和检查党的（ ）、群众工作、统一战线工作等，注意研究党内外的政治思想状况。,宣传工作,教育工作,组织工作,纪律检查工作,,ABCD,无,多选题,政治理论,
850,党员发展对象一般应当有（ ）正式党员作为入党介绍人，入党介绍人一般由（ ）担任，也可由党组织指定。,一名,支部书记,两名,培养联系人,,CD,无,多选题,政治理论,
850,党员发展对象一般应当有（	）正式党员作为入党介绍人，入党介绍人一般由（	）担任，也可由党组织指定。,一名,支部书记,两名,培养联系人,,CD,无,多选题,政治理论,
851,党支部是党的基础组织，担负直接教育党员、管理党员、（	）和组织群众、宣传群众、凝聚群众、（	）的职责。,监督党员,领导党员,服务群众,领导群众,,AC,无,多选题,政治理论,
852,改进党的领导方式要强化（	）、底线思维。,战略思维,创新思维,辩证思维,法治思维,,ABCD,无,多选题,政治理论,
853,改进党的领导方式要正确制定和坚决执行党的路线方针政策，不断增强党的（	）。,政治领导力,思想引领力,群众组织力,社会号召力,,ABCD,无,多选题,政治理论,
854,基层党组织负责人要经常、主动和干部职工谈心谈话。善于利用重要节点开展谈心谈话，做到（	）。,岗位变动必谈,组织处理必谈,发生家庭变故必谈,发现苗头性问题必谈,,ABCD,无,多选题,政治理论,
855,加强党的政治建设，必须坚持和加强（	），完善（	），改进（	），承担起执政兴国的政治责任。,党的全面领导,党的领导体制,党的领导方式,党的领导方针,,ABC,无,多选题,政治理论,
856,加强党的政治建设，必须进一步增强党组织（	），彰显国家机关（	），发挥群团组织（	），强化国有企事业单位（），不断提高党员干部特别是领导干部政治本领。,政治功能,政治属性,政治作用,政治导向,,ABCD,无,多选题,政治理论,
857,加强思想政治建设的“三讲”教育是指（	）。,讲学习,讲发展,讲正气,讲政治,,ACD,无,多选题,政治理论,
858,坚持党的政治路线，必须全面贯彻实施新时代中国特色社会主义基本方略，统筹推进“（	）”总体布局和协调推进“（	）”战略布局，为实现“（	）”奋斗目标不懈努力。,五位一体,四个全面,两个一百年,三位一体,,ABC,无,多选题,政治理论,
859,坚持党对一切工作的领导，保证（	），顺利推进新时代中国特色社会主义各项事业，必须建立健全坚持和加强党的全面领导的制度体系，确保党的领导全覆盖，确保党的领导更加坚强有力。,国家统一,法制统一,政令统一,市场统一,,ABCD,无,多选题,政治理论,
860,坚决站稳政治立场要坚持以（	）为旗帜、以（	）为方向、以（	）为意志。,党的旗帜,党的方向,党性立场,党的意志,,ABD,无,多选题,政治理论,
861,坚决站稳政治立场要始终做到（	）。,在党从党,在党言党,在党忧党,在党为党,,BCD,无,多选题,政治理论,
862,领导干部不论在哪个岗位、担任什么职务，都要勇于担当、攻坚克难，既当指挥员、又当战斗员，培养和保持（	）。,顽强的斗争精神,坚韧的斗争意志,精明的斗争艺术,高超的斗争本领,,ABD,无,多选题,政治理论,
863,强化党支部（	），充分发挥党支部（	）作用，巩固党长期执政的（	）。,政治功能,战斗堡垒,组织基础,组织功能,,ABC,无,多选题,政治理论,
864,宣传思想工作创新，重点要抓好（	），努力以思想认识新飞跃打开工作新局面，积极探索有利于破解工作难题的新举措新办法，把创新的重心放在基层一线。,理念创新,手段创新,科技创新,基层工作创新,,ABD,无,多选题,政治理论,
865,宣传思想工作一定要把围绕中心、服务大局作为基本职责，胸怀大局、把握大势、着眼大事，找准工作切入点和着力点，做到（	）、（	  ）、（	）。,因势而谋,应势而动,因势而新,顺势而为,,ABD,无,多选题,政治理论,
866,要教育引导党员干部从历史和现实、理论和实践、国内和国际的结合上深刻认识、强化认同，不断增强拥护核心、跟随核心、捍卫核心的（	），始终同以习近平同志为核心的党中央保持高度一致。,思想自觉,政治自觉,行动自觉,学习自觉,,ABC,无,多选题,政治理论,
867,要落实新时代党的建设总要求，健全全面从严治党体系，全面推进党的（	），使我们党坚守初心使命，始终成为中国特色社会主义事业的坚强领导核心。,自我净化,自我完善,自我革新,自我提高,,ABCD,无,多选题,政治理论,
868,“三会一课”制度的内容是支部党员大会，支部委员会，组织生活会，党课。,,,,,,错,无,判断题,政治理论,正确答案应为: 支部党员大会，支部委员会，党小组会，党课
869,党的各级代表大会的代表和委员会的产生，要体现广大群众的意志。选举采用无记名投票的方式。,,,,,,错,无,判断题,政治理论,正确答案应为: 无记名投票并不是唯一途径，还有体现群众意志的方式
870,预备党员有选举权，但没有表决权和被选举权。,,,,,,错,无,判断题,政治理论,正确答案应为: 三个权力都没有
871,在特殊情况下，党的中央和省、自治区、直辖市、地级市委员会可以直接接收党员。,,,,,,错,无,判断题,政治理论,正确答案应为: 无地级市委员会
872,党支部委员会会议须有半数以上委员到会方可进行。,,,,,,对,无,判断题,政治理论,
873,党小组会一般每月召开1次，组织党员参加政治学习、谈心谈话、开展批评和自我批评等。,,,,,,对,无,判断题,政治理论,
874,中央委员会可以修改党的章程。,,,,,,错,无,判断题,政治理论,正确答案应为: 党的章程修改权属于党的全国代表大会及其所产生的中央委员会
875,预备党员必须面向党章进行入党宣誓。,,,,,,错,无,判断题,政治理论,正确答案应为: 向党旗进行入党宣誓
876,党的思想建设是党的根本性建设，决定党的建设方向和效果。,,,,,,错,无,判断题,政治理论,正确答案应为: 政治建设
877,民主集中制是民主基础上的集中和集中指导下的民主相结合。,,,,,,对,无,判断题,政治理论,
878,《党史学习教育工作条例》规定，各级党委（党组）原则上每3年组织开展1次党史学习教育工作情况综合评估，充分运用评估结果，不断改进党史学习教育工作。,,,,,,错,无,判断题,政治理论,正确答案应为: 五年组织开展一次
879,《党史学习教育工作条例》规定，开展党史学习教育，应当坚持勤俭节约，充分利用当地条件就地组织开展相关活动，必要时可以适当安排红色景点旅游。,,,,,,错,无,判断题,政治理论,正确答案应为: 充分利用当地条件就地组织开展相关活动，严禁以学习教育为名变相公款旅游
880,端正入党动机是争取做一名合格党员的起点，是争取入党的首要问题。,,,,,,对,无,判断题,政治理论,
881,党的政治建设是党的根本性建设，决定党的建设方向和效果，事关统揽推进伟大斗争、伟大工程、伟大事业、伟大梦想。,,,,,,对,无,判断题,政治理论,
882,党的政治建设是党的根本性建设，决定党的建设方向和效果。,,,,,,对,无,判断题,政治理论,
883,党的组织建设是党的根本性建设，决定党的建设方向和效果。,,,,,,错,无,判断题,政治理论,正确答案应为: 政治建设
884,党性是党员、干部立身、立业、立言、立德的基石。,,,,,,对,无,判断题,政治理论,
885,每个党员，不论职务高低，都必须编入党的一个支部、小组或其他特定组织，参加党的组织生活，接受党内外群众的监督。,,,,,,对,无,判断题,政治理论,
886,全党必须增强党组织的政治功能和组织功能，培养选拔党和人民需要的好干部，培养和造就大批堪当时代重任的社会主义事业接班人，聚天下英才而用之，从组织上保证党的基本理论、基本路线、基本方略的贯彻落实。,,,,,,对,无,判断题,政治理论,
887,全党要牢记我们为什么出发这个根本问题，把握历史发展大势，坚定理想信念，牢记初心使命，始终谦虚谨慎、不骄不躁、艰苦奋斗。,,,,,,错,无,判断题,政治理论,正确答案应为: 牢记中国共产党是什么、要干什么这个根本问题
888,一百年前，中国共产党的先驱们创建了中国共产党，形成了坚持真理、坚守理想，践行初心、担当使命，不怕牺牲、英勇斗争，对党忠诚、不负人民的伟大建党精神，这是中国共产党的精神之源。,,,,,,对,无,判断题,政治理论,
889,党选拔干部努力实现干部队伍的革命化、年轻化、知识化、专业化。,,,,,,对,无,判断题,政治理论,
890,党要管党、从严治党，是党的建设的一贯要求和根本方针。,,,,,,对,无,判断题,政治理论,
891,江西省第十五次党代会描绘了未来五年江西发展的蓝图愿景，提出全面建设“六个江西”，“六个江西”是指创新江西、富裕江西、美丽江西、幸福江西、和谐江西、廉洁江西。,,,,,,错,无,判断题,政治理论,正确答案应为: “六个江西”是指创新江西、富裕江西、美丽江西、幸福江西、和谐江西、勤廉江西
892,机关、国有企业、事业单位，党支部书记一般由本部门本单位主要负责人担任，也可以由本部门本单位其他负责人担任。,,,,,,对,无,判断题,政治理论,
893,党组织应当按照有关规定向上级党组织报备下列事项只有：党内法规和规范性文件，领导班子成员分工，党委委员、候补委员职务的辞去、免去或者自动终止和其他应当报备的重大事项。,,,,,,错,无,判断题,政治理论,正确答案应为: 遗漏了“有关干部任免”这一项
894,接受党的教育和培训是党员的义务。,,,,,,错,无,判断题,政治理论,正确答案应为: 是权利不是义务
895,党的二十大报告指出，要坚持制度治党、依规治党，以党章为根本，以民主集中制为核心，完善党内法规制度体系，增强党内法规权威性和执行力，形成坚持真理、修正错误，发现问题、纠正偏差的机制。,,,,,,对,无,判断题,政治理论,
896,党风廉政建设和反腐败斗争，是党的建设的重大,,,,,,对,无,判断题,政治理论,
897,党的二十大报告指出，要抓好后继有人这个根本大计，健全培养选拔优秀年轻干部常态化工作机制，把到基层和艰苦地区锻炼成长作为年轻干部培养的重要途径。,,,,,,对,无,判断题,政治理论,
898,《中国共产党政治协商工作条例》规定，政治协商工作应当遵循以下原则：（一）坚持党的全面领导；（二）坚持围绕中心、服务大局；（三）坚持发扬民主、坦诚协商；（四）坚持政治引领、凝聚共识。,,,,,,对,无,判断题,政治理论,
899,街道、乡、镇党的基层委员会和村、社区党组织，领导本地区的工作，支持和保证行政组织，经济组织和群众自治组织充分行使职权。,,,,,,错,无,判断题,政治理论,正确答案应为: 领导本地区的工作和基层社会治理
900,党按照德才兼备、以德为先的原则选拔干部，坚持五湖四海、任人唯贤，坚持事业为上、公道正派，反对任人唯亲，努力实现干部队伍的革命化、年轻化、知识化、专,,,,,,对,无,判断题,政治理论,
901,高校党组织对组织关系保留在学校的高校毕业生流动党员，应当继续履行管理职责。党员组织关系保留时间一般不超过（）年。,2,3,4,6,,A,无,单选题,政治理论,
902,《江西省“十四五”教育事业发展规划》提出，到2035年，我省教育水平大幅提升，实现教育基本公共服务均等化和现代化，全面建成（）强省和（）强省。,教育；科技,教育；人力资源,文化；人力资源,科技；文化,,B,无,单选题,政治理论,
903,高等学校党的组织应当构建（	）的党员经常性学习教育体系。,多层次、多渠道,多角度、全方位,线上线下全覆盖,以上全是,,A,无,单选题,政治理论,
904,高校党的支部委员会和不设支部委员会的支部书记、副书记每届任期（	）年。,2,3,4,5,,B,无,单选题,政治理论,
905,实行师德“（	）”，把师德表现作为教师资格注册、年度考核、职称评审、岗位聘用、评优奖励的首要标准。,一票否决制,重点考虑制,核心因素制,首要评价制,,A,无,单选题,政治理论,
906,习近平总书记在全国高校思想政治工作会议上指出，要把（）贯穿教育教学全过程，实现全程育人、全方位育人，努力开创我国高等教育事业发展新局面。,思想教育工作,劳动教育工作,思想政治工作,实践教育工作,,C,无,单选题,政治理论,
907,《中国共产党普通高等学校基层组织工作条例》明确，高等学校实行（	）。,,,,,,C,无,单选题,政治理论,
908,中共江西省委组织部中共江西省委教育工委印发《关于进一步加强全省中小学校党的建设工作的意见》的通知指出校党组织要按照统筹整合、方便实用、功能配套的原则，加强党员活动室标准化建设，实现中小学校党建工作“一块党组织牌子、一面党旗、一个（		）、一个党建宣传栏”的硬件保障。,党员活动室,书报架,宣传平台,党务管理平台,,A,无,单选题,政治理论,
909,中共江西省委组织部中共江西省委教育工委印发《关于进一步加强全省中小学校党的建设工作的意见》的通知指出要加大对优秀青年教师的政治引领和政治吸纳力度，抓好入党积极分子培养，落实“（）”制度，提高党员发展质量。,三推两培一票决,三推两培,三推两考一备案,三推两考,,A,无,单选题,政治理论,
910,中共江西省委教育工委印发的《全省中小学校党建指导工作办法》（赣教党字〔2024〕17号）明确，中小学校党建工作指导组成员的聘任周期一般为（	）年，由各,2,3,4,5,,B,无,单选题,政治理论,
911,中共江西省委教育工委印发的《全省中小学校党建指导工作办法》（赣教党字〔2024〕17号）要求，中小学校党建工作指导组成员每年驻地驻校党建指导时长不少于,15,20,25,30,,A,无,单选题,政治理论,
912,习近平在2024年全国教育大会上强调，我们要建成的教育强国，是（	）。,社会主义现代化教育强国,中国特色社会主义教育强国,社会主义教育强国,中国式现代化教育强国,,B,无,单选题,政治理论,
913,《关于加强中小学校党的建设工作的意见》指出，要坚持立德树人、德育为先，做好（		），开展社会主义核心价值观教育，加强学校文化和精神文明建设，推动形成良好校风教风学风。,意识形态工作,思想政治工作和意识形态工作,思想政治教育工作,德育工作,,B,无,单选题,政治理论,
914,《中共中央国务院关于全面深化新时代教师队伍建设改革的意见》指出，要把提高教师（	）和（	）摆在首要位置，把社会主义核心价值观贯穿教书育人全过程，推动教师成为先进思想文化的传播者、党执政的坚定支持者、学生健康成长的指导者。,理想道德信念；职业道德水平,思想政治素质；职业道德水平,思想政治素质；终身学习理念,职业道德水平；终身学习理念,,B,无,单选题,政治理论,
915,充分发挥中小学校党组织政治核心作用，要健全（	），明确党组织参与决策具体内容和程序，规范党组织会议、党政联席会议制度，按照民主集中制原则集体讨论决定重要事项。,,,,,,C,无,单选题,政治理论,
916,当前我国基础教育要重点解决的问题是（	）。,公平和质量,心理和健康,品德和健康,文化和信仰,,A,无,单选题,政治理论,
917,坚持以人民为中心发展教育，加快建设高质量教育体系，发展素质教育，（	）。,促进教育公平,提高教育质量,推进教育改进,提高育人水平,,A,无,单选题,政治理论,
918,教育兴则国家兴，教育强则国家强。（	）发展水平是一个国家发展水平和发展潜力的重要标志。,学前教育,义务教育,职业教育,高等教育,,D,无,单选题,政治理论,
919,培养什么人、怎样培养人、为谁培养人是教育的（	）。,重要问题,主要问题,历史问题,根本问题,,D,无,单选题,政治理论,
920,推进（	），建设全面终身学习的学习型社会、学习型大国。,教育数字化,教育规模化,教育科技化,教育创新化,,A,无,单选题,政治理论,
921,要全面贯彻党的教育方针，落实立德树人根本任务，发展素质教育，（	），培养德智体美全面发展的社会主义建设者和接班人。,推进教育公平,提高教育质量,推进教育改进,提高育人水平,,A,无,单选题,政治理论,
922,中共江西省委组织部中共江西省委教育工委印发《关于进一步加强全省中小学校党的建设工作的意见》中指出每年对中小学校党组织书记至少集中培训（）次，加强对其他党务工作者培训。,4,3,2,1,,D,无,单选题,政治理论,
923,中共中央办公厅印发《关于建立中小学校党组织领导的校长负责制的意见（试行）》（中办发〔2022〕7号）指出，加强学校各级党组织建设和党员队伍建设工作，严格执行“（	）”等党的组织生活制度，发挥基层党组织战斗堡垒作用和党员先锋模范作用。,三会一课,民主生活会,组织生活会,谈话谈心,,A,无,单选题,政治理论,
924,中共中央办公厅印发《关于建立中小学校党组织领导的校长负责制的意见（试行）》（中办发〔2022〕7号）指出，开展社会主义核心价值观教育，抓好学生（）工作，做好教职工思想政治工作和学校意识形态工作，加强师德师风建设和学校精神文明建设，推动形成良好校风教风学风。,美育,劳育,智育,德育,,D,无,单选题,政治理论,
925,中小学校党组织是党在学校中全部工作和战斗力的（），发挥政治核心作用。,基础,核心,桥梁,关键,,A,无,单选题,政治理论,
926,2025年全国教育工作会议强调，保持定力、积极作为，把习近平总书记关于教育的重要论述有效转化为工作思路和方法举措，统筹好（	），坚定不移走中国特色社会主义教育发展道路。,理论与创新,守正与创新,开拓与创新,全局和局部,,B,无,单选题,政治理论,
927,2025年全国教育工作会议指出，要加强教育系统党的建设，深化党的创新理论“三进”，落细落实（	）根本任务。,人才培养,创新发展,立德树人,教育强国,,C,无,单选题,政治理论,
928,2025年全国教育工作会议指出，要持续推进国家教育（）战略，助力教育教学深层次变革。,数字化,标准化,现代化,智慧化,,A,无,单选题,政治理论,
929,持续开展中小学校党组织书记、校长分层分级培训。教育部每年组织示范培训，线上线下结合，每（	）年进行一轮全员培训。,二,三,四,五,,D,无,单选题,政治理论,
930,各级党委教育工作部门或教育行政部门会同同级党委组织部门（	）至少开展一次中小学校党组织书记、校长培训，定期开展集中轮训，有针对性地加强新任学校党组织书记、校长培训。,每季度,每学期,每年,每两年,,C,无,单选题,政治理论,
931,学校党组织（	）至少专题研究一次思政课教育教学工作，党组织书记、校长要带头听思政课、讲思政课，带头联系思政课教师。,每月,每季度,每学期,每年,,C,无,单选题,政治理论,
932,民办学校党的基层委员会一般每届任期（）年，党的总支部委员会、支部委员会一般每届任期3年，要按期召开党员大会或党员代表大会并进行换届。,3,4,5,6,,C,无,单选题,政治理论,
933,民办本科层次院校和在校生规模超过（	）人的专科层次院校党组织关系一般隶属于省（自治区、直辖市）党委教育工作部门，其他民办高校党组织关系一般隶属于省,5千,8千,1万,2万,,C,无,单选题,政治理论,
934,民办高校要健全学校党的工作机构设置，增强工作力量配备，在校生规模不足1万人的民办高校校级党的工作机构专职工作人员不得少于（	）。,2,4,6,8,,B,无,单选题,政治理论,
935,高等学校党的委员会要坚持党管干部的原则，对学校党政干部实行统一管理。坚持民主、公开、竞争、择优，按照干部队伍（	）的方针，坚持德才兼备、以德为先的用人标准，坚持注重实绩、群众公认的原则选拔任用干部，提高选人用人公信度。,革命化,年轻化,知识化,专业化,,ABCD,无,多选题,政治理论,
936,中共江西省委教育工委印发的《全省中小学校党建指导工作办法》（赣教党字〔2024〕17号）要求，各级教育工作部门与中小学校应加强纵向沟通协调，健全完善（）的党建指导工作体系。,上下联动,规范有序,全面覆盖,结构合理,,ABC,无,多选题,政治理论,
937,中共江西省委教育工委印发的《全省中小学校党建指导工作办法》（赣教党字〔2024〕17号）明确，指导组工作职责包含严格落实和“两个议事规则”。（	）,党员大会,党组织会议,教职工大会,校长办公会议（校务会议）,,BD,无,多选题,政治理论,
938,中共江西省委教育工委印发的《全省中小学校党建指导工作办法》（赣教党字〔2024〕17号）要求，指导各地各中小学校深化基层党建标准化、规范化、信息化建设，从（	）入手，积极创建领导班子好、党员队伍好、发展思路好、制度机制好、工作业绩好、群众反响好的基层党组织，推动中小学校基层党组织全面进步、全面过硬。,基本组织,基本队伍,基本制度,基本活动,基本保障,ABCDE,无,多选题,政治理论,
939,习近平在2024年全国教育大会上强调，不断加强和改进新时代学校思想政治教育，教育引导青少年学生坚定（	），立报国强国大志向、做挺膺担当奋斗者。,马克思主义信仰,共产主义信念,中国特色社会主义信念,中华民族伟大复兴信心,,ACD,无,多选题,政治理论,
940,习近平在2024年全国教育大会上强调，构建（	）的职业教育体系，大力培养大国工匠、能工巧匠、高技能人才。,职普融通,学用结合,产教融合,产学联通,,AC,无,多选题,政治理论,
941,习近平在2024年全国教育大会上强调，要坚持以人民为中心，不断提升教育公共服务的（），让教育改革发展成果更多更公平惠及全体人民。,创新性,普惠性,可及性,便捷性,,BCD,无,多选题,政治理论,
942,习近平在2024年全国教育大会上强调，优化区域教育资源配置，推动义务教育优质均衡发展，逐步缩小（	）差距。,城乡,区域,校际,群体,,ABCD,无,多选题,政治理论,
943,“三全育人”是指（	）。,全员育人,全面育人,全过程育人,全方位育人,,ACD,无,多选题,政治理论,
944,中共中央办公厅印发《关于建立中小学校党组织领导的校长负责制的意见（试行）》（中办发〔2022〕7号）提出，选好配强学校领导班子特别是党组织书记和校长。上级党组织要认真履行领导和把关作用，按照有关规定，严格标准条件和程序，精准科学选人用人，注重选拔党性强、懂教育、会管理、有威信、善于做思想政治工作的优秀党员干部担任学校党组织书记，着力培养（	）的校长队伍。,政治过硬,品德高尚,业务精湛,治校有方,,ABCD,无,多选题,政治理论,
945,中共中央办公厅印发《关于建立中小学校党组织领导的校长负责制的意见（试行）》（中办发〔2022〕7号）指出，实行中小学校党组织领导的校长负责制，必须发挥党组织领导作用，保证校长依法依规行使职权，建立健全（	）的工作机制。,党组织统一领导,党政分工合作,协调运行,会议决定,,ABC,无,多选题,政治理论,
946,中共中央办公厅印发《关于建立中小学校党组织领导的校长负责制的意见（试行）》（中办发〔2022〕7号）指出，学校党组织会议和校长办公会议（校务会议）要坚持,科学决策,民主决策,依法决策,会议决策,,ABC,无,多选题,政治理论,
947,中共中央办公厅印发《关于建立中小学校党组织领导的校长负责制的意见（试行）》（中办发〔2022〕7号）指出，学校党组织书记主持党组织全面工作，负责（）工作。,负责组织党组织重要活动,督促检查党组织决议贯彻落实,督促党组织班子成员履行职责、发挥作用,坚持管好、用好学校经费，提高办学条件,,ABC,无,多选题,政治理论,
948,2022年，习近平总书记在中国人民大学考察时说，思想政治理论课能否在立德树人中发挥应有作用，关键看（	）。,重视不重视,适应不适应,做得好不好,学生喜不喜欢,,ABC,无,多选题,政治理论,
949,2022年，习近平总书记在中国人民大学考察时说：思政课的本质是讲道理，要注重方式方法，把道理讲深、讲透、讲活，（	），达到沟通心灵、启智润心、激扬斗志。,老师要用心教,学生要用心悟,形式要创新,风格要接地气,,AB,无,多选题,政治理论,
950,高等学校党的委员会实行（）相结合的制度。,民主集中制,健全集体领导,个人分工负责,集体决议,,ABC,无,多选题,政治理论,
951,高等学校要按照（）的方针和有关规定，加强对入党积分子的教育培养和考察，加强在优秀青年教师、优秀学生中发展党员工作。,坚持标准,保证质量,改善结构,慎重发展,,ABCD,无,多选题,政治理论,
952,高校党委领导教职工代表大会，支持教职工代表大会正确行使职权，在参与（	）等方面发挥积极作用。,民主管理,民主监督,民主选举,维护教职工的合法权益,,ABD,无,多选题,政治理论,
953,高校党组织应当充分发挥课堂教学的主渠道作用，办好思想政治理论课，推进课程思政建设，拓展新时代大学生思想政治教育的有效途径，形成（）的良好氛围和工作机制。,全覆盖育人,全过程育人,全方位育人,全员育人,,BCD,无,多选题,政治理论,
954,教师要重视自身修为，严于律己、为人师表，才能真正担当起学生（	）的使命责任。,健康成长指导者,健康生活的知心朋友,引路人,人生导师,,AC,无,多选题,政治理论,
955,注重将人财物等资源向农村偏远地区和党建基础薄弱的中小学校倾斜，健全城乡中小学校党组织互联互帮机制，倡导学校与机关、企事业单位、乡镇（街道）、村（社区）党组织（	）。,结对共建,资源共享,共同发展,联动互通,,ABC,无,多选题,政治理论,
956,中共江西省委教育工委印发的《全省中小学校党建指导工作办法》（赣教党字〔2024〕17号）明确：根据工作需要，组建中小学校党建指导工作队伍，通过（）等形式，深入各地各校开展实地党建指导工作。,调研督导,经验交流,会议座谈,专项培训、专题授课,实地指导,ABCDE,无,多选题,政治理论,
957,2025年全国教育工作会议强调，党的十八大以来，以习近平同志为核心的党中央立足“两个大局”，着眼（	  ）的历史进程，把教育的战略定位提升到前所未有的高度。,中国式现代化,强国建设,教育强国,民族复兴,,BD,无,多选题,政治理论,
958,2025年全国教育工作会议强调，党的二十大和二十届三中全会作出专章部署，教育作为国家创新体系整体效能提升的、支撑，已成为国家利益和目标的中心。,基础性,普惠性,战略性,整体性,,AC,无,多选题,政治理论,
959,2025年全国教育工作会议指出，要优化高等教育布局，加快建立科技发展、国家战略需求牵引的学科专业设置调整机制，积极探索形成与	深度融合的制度机制，着力构建现代职业教育体系，助力新质生产力发展。,教育创新,科技创新,制度创新,产业创新,,BD,无,多选题,政治理论,
960,习近平在2024年全国教育大会上指出，要坚持和运用系统观念，正确处理（	）等重大关系。,支撑国家战略和满足民生需求,知识学习和全面发展,培养人才和满足社会需要,规范有序和激发活力,扎根中国大地和借鉴国际经验,ABCDE,无,多选题,政治理论,
961,习近平在2024年全国教育大会上指出，要统筹实施科教兴国战略、人才强国战略、创新驱动发展战略，一体推进(		)。,产教融合,教育发展,科技创新,人才培养,,BCD,无,多选题,政治理论,
962,学校党组织会议、校长办公会议的重要议题，（		）应当在会前充分沟通、取得共识。,党组织书记,党组织委员,校长,校领导班子,,AC,无,多选题,政治理论,
963,优化基层党组织设置，探索把党支部或党小组建在（）等教育教学管理基层一线。,政工组,年级组,学科组,教学组,,BC,无,多选题,政治理论,
964,引导学校基层党组织围绕事业发展、贴近师生需求，每月相对固定时间，开展“三会一课”和主题党日，积极探索党建工作与（	）深入融合的有效方式，坚决防止在组织生活中搞形式主义。,教育教学,德育,思想政治工作,师德师风建设,,ABCD,无,多选题,政治理论,
965,坚持把政治标准放在首位，抓好入党积极分子培养，注重在（	）等人员中发展党员。,学科带头人,骨干教师,思政课教师,班主任,优秀青年教师,ABCDE,无,多选题,政治理论,
966,结合实际设立（），实施党员名师工程，开展党员志愿服务，引导党员教师发挥先锋模范作用。做好党员常态化,党员示范岗,党员先锋岗,党员模范区,党员责任区,,BD,无,多选题,政治理论,
967,坚持以习近平新时代中国特色社会主义思想铸魂育人，把学校思想政治教育融入（），从小培养学生忠于党、忠于国家、忠于人民、忠于社会主义。,思想道德,文化知识,素质教育,社会实践教育,,ABD,无,多选题,政治理论,
968,中共江西省委教育工委印发的《全省中小学校党建指导工作办法》（赣教党字〔2024〕17号）要求，充分发挥高校党建示范作用，支持鼓励有关高校牵头开展中小学校党建指导工作。,,,,,,对,无,判断题,政治理论,
969,中共江西省委教育工委印发的《全省中小学校党建指导工作办法》（赣教党字〔2024〕17号）要求，全面落实中小学校党组织领导的书记负责制。,,,,,,错,无,判断题,政治理论,正确答案应为: 党组织领导的校长负责制
970,中共江西省委教育工委印发的《全省中小学校党建指导工作办法》（赣教党字〔2024〕17号）明确，党建指导工作队伍以指导组形式组建。,,,,,,对,无,判断题,政治理论,
971,中共江西省委教育工委印发的《全省中小学校党建指导工作办法》（赣教党字〔2024〕17号）明确，指导组成员考核结果为两次“不称职”或累计三次“基本称职”，立即解聘。,,,,,,错,无,判断题,政治理论,
972,中共江西省委教育工委印发的《全省中小学校党建指导工作办法》（赣教党字〔2024〕17号）明确，按照“政治强、业务精、作风好”的要求，通过中小学校党建工作指导组全覆盖式党建指导，帮助各地各校培育一批中小学校专职党务工作者。,,,,,,错,无,判断题,政治理论,
973,中共江西省委教育工委印发的《全省中小学校党建指导工作办法》（赣教党字〔2024〕17号）明确，各级中小学校党建指导工作领导小组办公室负责对指导组成员进行年度考核，考核分为“优秀、称职、不称职”三个等次。,,,,,,错,无,判断题,政治理论,正确答案应为: 考核分为“优秀、合格、不合格”三个等次
974,中共江西省委教育工委印发的《全省中小学校党建指导工作办法》（赣教党字〔2024〕17号）要求，建立工作调度机制，省级中小学校党建工作指导组每季度至少召开一次工作调度会议，市级、县级中小学校党建工作指导组每月召开一次联席会议。,,,,,,错,无,判断题,政治理论,正确答案应为: 市级、县级指导组的会议频率并非每月一次
975,中共江西省委教育工委印发的《全省中小学校党建指导工作办法》（赣教党字〔2024〕17号）明确，中小学校党建工作指导组成员需满足党龄5年以上、从事党建管理,,,,,,错,无,判断题,政治理论,正确答案应为: 从事党建管理或研究工作不少于3年，且最近3年在一线岗位工作
976,中共中央办公厅印发《关于建立中小学校党组织领导的校长负责制的意见（试行）》（中办发〔2022〕7号）指出，党组织设置为党支部的中小学校，党组织书记、校长一般由一人担任，同时应当设1名专职副书记。,,,,,,对,无,判断题,政治理论,
977,中共中央办公厅印发《关于建立中小学校党组织领导的校长负责制的意见（试行）》（中办发〔2022〕7号）指出，要坚持把政治标准和政治要求贯穿办学治校、教书育人全过程各方面，坚持社会主义办学方向，落实立德树人根本任务，团结带领全校教职工推动学校改革发展，培养德智体美劳全面发展的社会主义建设者和接班人。,,,,,,对,无,判断题,政治理论,
978,《关于进一步加强全省中小学校党的建设工作的意见》指出，要建立常态化的政治理论学习制度，每月至少组织3次教职工政治学习。及时了解掌握教职工思想状况，加强人文关怀和心理疏导。,,,,,,错,无,判断题,政治理论,正确答案应为: 每月至少组织1次教职工政治学习
979,"《关于进一步加强全省中小学校党的建设工作的意见》指出,指出每年对中小学校党组织书记至少集中培训1次，加强对其他党务工作者培训。",,,,,,对,无,判断题,政治理论,
980,《关于进一步加强全省中小学校党的建设工作的,,,,,,对,无,判断题,政治理论,
981,当前我国基础教育要重点解决的问题是品德和健康。,,,,,,错,无,判断题,政治理论,正确答案应为: 当前我国基础教育要重点解决的问题是公平和质量
982,党的二十大报告指出，我们要办好人民满意的教育，全面贯彻党的教育方针，落实立德树人根本任务，培养德智体美劳全面发展的社会主义建设者和接班人，加快建设高质量教育体系，发展职业教育，促进教育公平。,,,,,,错,无,判断题,政治理论,正确答案应为: 发展素质教育
983,加强党对教育工作的全面领导，是办好教育的根本保证。,,,,,,对,无,判断题,政治理论,
984,坚持全面从严治党，领导学校党的纪律检查工作，落实党风廉政建设监管责任。,,,,,,错,无,判断题,政治理论,正确答案应为: 落实党风廉政建设主体责任和监督责任
985,教育兴则国家兴，教育强则国家强。职业教育发展水平是一个国家发展水平和发展潜力的重要标志。,,,,,,错,无,判断题,政治理论,正确答案应为: 高等教育发展水平是一个国家发展水平和发展潜力的重要标志
986,培养什么人、怎样培养人、为谁培养人是教育的主要问题。,,,,,,错,无,判断题,政治理论,正确答案应为: 培养什么人、怎样培养人、为谁培养人是教育的根本问题
987,青少年思想政治教育是一个接续的过程，要针对青少年成长的不同阶段，有针对性地开展思想政治教育。,,,,,,对,无,判断题,政治理论,
988,思想政治工作是学校各项工作的生命线，各级党委、各级教育主管部门、学校党组织都必须紧紧抓在手上。,,,,,,对,无,判断题,政治理论,
989,推进教育数字化，建设全民终身学习的学习型社会、学习型大国。,,,,,,对,无,判断题,政治理论,
990,我国是中国共产党领导的社会主义国家，这就决定了我们的教育必须把培养社会主义建设者和接班人作为目标任务，培养一代又一代拥护中国共产党领导和我国社会主义制度、立志为中国特色社会主义奋斗终身的有用人才。,,,,,,错,无,判断题,政治理论,正确答案应为: 必须把培养社会主义建设者和接班人作为根本任务
991,我们要办好人民满意的教育，全面贯彻党的教育方针，落实立德树人根本任务，培养德智体美劳全面发展的社会主义建设者和接班人。,,,,,,对,无,判断题,政治理论,
992,校长办公会议（校务会议）是学校行政议事决策机构，会议成员一般为学校行政班子成员，不是行政班子成员的党组织班子成员可参加会议。,,,,,,对,无,判断题,政治理论,
993,校长办公会议议题由学校领导班子成员提出，校长确定。会议应当有三分之一以上行政班子成员到会方能召开。校长应当在广泛听取与会人员意见基础上，对讨论研究的事项作出决定。,,,,,,错,无,判断题,政治理论,正确答案应为: 会议应当有半数以上行政班子成员到会方能召开
994,学校党组织会议讨论决定学校重大问题时，会议应当有半数以上党组织班子成员到会方能召开；讨论决定干部任免等重要事项时，必须有三分之一以上党组织班子成员到会。,,,,,,错,无,判断题,政治理论,正确答案应为: 必须有三分之二以上党组织班子成员到会
995,2025年全国教育工作会议强调，要统筹好综合改革与试点推进，不断提高支撑引领中国式现代化能力水平。,,,,,,对,无,判断题,政治理论,
996,2025年全国教育工作会议指出，要健全与人口变化相适应的基础教育资源统筹调配机制，把县中振兴作为深化基础教育扩优提质的关键枢纽点，有序探索中考改革，统筹提升校内教育质量和校外治理水平，保障好特殊群体。,,,,,,对,无,判断题,政治理论,
997,学校党政联席会议可以代替党组织会议、校长办公会议。,,,,,,错,无,判断题,政治理论,正确答案应为: 不可代替
998,各级党委要加强对中小学校工作的全面领导，切实履行主体责任，将中小学校党建工作纳入教育强国建设和基层党建工作内容，每年至少听取一次中小学校党建工作情况汇报。,,,,,,对,无,判断题,政治理论,
999,民办中小学校党组织书记以内部选任为主。,,,,,,对,无,判断题,政治理论,
1000,中共中央办公厅印发《关于建立中小学校党组织领导的校长负责制的意见（试行）》（中办发〔2022〕7号）明确，党组织会议由党组织书记召集并主持，不是党组织班子成员的行政班子成员不得列席会议。,,,,,,错,无,判断题,政治理论,正确答案应为: 非党组织班子成员根据工作需要可列席会议
